1986,Top Gun,$179.80M,,,,,,
1986,Crocodile Dundee,$174.64M,,,,,,
1986,Platoon,$138.53M,,,,,,
1986,The Karate Kid Part II,$115.10M,,,,,,
1986,Star Trek IV: The Voyage Home,$109.71M,,,,,,
1986,Back to School,$91.26M,,,,,,
1986,Aliens,$85.16M,,,,,,
1986,The Golden Child,$79.82M,,,,,,
1986,Ruthless People,$71.62M,,,,,,
1986,Ferris Bueller's Day Off,$70.14M,,,,,,
1986,Down and Out in Beverly Hills,$62.13M,,,,,,
1986,The Color of Money,$52.29M,,,,,,
1986,Stand by Me,$52.29M,,,,,,
1986,Legal Eagles,$49.85M,,,,,,
1986,Cobra,$49.04M,,,,,,
1986,An American Tail,$47.48M,,,,,,
1986,Police Academy 3: Back in Training,$43.58M,,,,,,
1986,Heartbreak Ridge,$42.72M,,,,,,
1986,Peggy Sue Got Married,$41.38M,,,,,,
1986,Poltergeist II: The Other Side,$41.00M,,,,,,
1986,Short Circuit,$40.70M,,,,,,
1986,Pretty in Pink,$40.47M,,,,,,
1986,The Fly,$40.46M,,,,,,
1986,Hannah and Her Sisters,$40.08M,,,,,,
1986,çThree Amigos!,$39.25M,,,,,,
1986,Little Shop of Horrors,$38.75M,,,,,,
1986,About Last Night...,$38.70M,,,,,,
1986,The Great Mouse Detective,$38.60M,,,,,,
1986,Running Scared,$38.50M,,,,,,
1986,The Money Pit,$37.50M,,,,,,
1986,Gung Ho,$36.61M,,,,,,
1986,Nothing in Common,$32.32M,,,,,,
1986,Children of a Lesser God,$31.85M,,,,,,
1986,Hoosiers,$28.61M,,,,,,
1986,Soul Man,$27.82M,,,,,,
1986,Wildcats,$26.29M,,,,,,
1986,Jumpin' Jack Flash,$25.59M,,,,,,
1986,Heartburn,$25.31M,,,,,,
1986,The Morning After,$25.15M,,,,,,
1986,Iron Eagle,$24.16M,,,,,,
1986,Crimes of the Heart,$22.91M,,,,,,
1986,Tough Guys,$21.46M,,,,,,
1986,F/X,$20.60M,,,,,,
1986,Jason Lives: Friday the 13th Part VI,$19.47M,,,,,,
1986,Flight of the Navigator,$18.56M,,,,,,
1986,|Jo Jo Dancer, Your Life Is Calling|,$18.03M,,,,,
1986,The Delta Force,$17.77M,,,,,,
1986,The Big Easy,$17.69M,,,,,,
1986,The Mission,$17.22M,,,,,,
1986,Howard the Duck,$16.30M,,,,,,
1987,3 Men and a Baby,$167.78M,,,,,,
1987,Fatal Attraction,$156.65M,,,,,,
1987,Beverly Hills Cop II,$153.67M,,,,,,
1987,|Good Morning, Vietnam|,$123.92M,,,,,
1987,Moonstruck,$80.64M,,,,,,
1987,The Untouchables,$76.27M,,,,,,
1987,The Secret of My Succe$s,$67.00M,,,,,,
1987,Stakeout,$65.67M,,,,,,
1987,Lethal Weapon,$65.21M,,,,,,
1987,Dirty Dancing,$63.95M,,,,,,
1987,The Witches of Eastwick,$63.77M,,,,,,
1987,Predator,$59.74M,,,,,,
1987,Throw Momma from the Train,$57.92M,,,,,,
1987,Dragnet,$57.39M,,,,,,
1987,La Bamba,$54.22M,,,,,,
1987,RoboCop,$53.42M,,,,,,
1987,Outrageous Fortune,$52.86M,,,,,,
1987,Broadcast News,$51.25M,,,,,,
1987,The Living Daylights,$51.19M,,,,,,
1987,|Planes, Trains & Automobiles|,$49.53M,,,,,
1987,Full Metal Jacket,$46.36M,,,,,,
1987,A Nightmare on Elm Street 3: Dream Warriors,$44.79M,,,,,,
1987,The Last Emperor,$43.98M,,,,,,
1987,Wall Street,$43.85M,,,,,,
1987,Mannequin,$42.72M,,,,,,
1987,Roxanne,$40.05M,,,,,,
1987,Blind Date,$39.32M,,,,,,
1987,The Running Man,$38.12M,,,,,,
1987,Spaceballs,$38.12M,,,,,,
1987,Summer School,$35.66M,,,,,,
1987,No Way Out,$35.51M,,,,,,
1987,Like Father Like Son,$34.38M,,,,,,
1987,Adventures in Babysitting,$34.37M,,,,,,
1987,*batteries not included,$32.95M,,,,,,
1987,The Lost Boys,$32.22M,,,,,,
1987,Can't Buy Me Love,$31.62M,,,,,,
1987,Nuts,$30.95M,,,,,,
1987,The Princess Bride,$30.86M,,,,,,
1987,Revenge of the Nerds II: Nerds in Paradise,$30.06M,,,,,,
1987,Harry and the Hendersons,$29.76M,,,,,,
1987,Police Academy 4: Citizens on Patrol,$28.06M,,,,,,
1987,Overboard,$26.71M,,,,,,
1987,Baby Boom,$26.71M,,,,,,
1987,Innerspace,$25.89M,,,,,,
1987,Tin Men,$25.41M,,,,,,
1987,Black Widow,$25.21M,,,,,,
1987,Ernest Goes to Camp,$23.51M,,,,,,
1987,Raising Arizona,$22.85M,,,,,,
1987,Benji the Hunted,$22.26M,,,,,,
1987,Empire of the Sun,$22.24M,,,,,,
1988,Rain Man,$172.83M,,,,,,
1988,Who Framed Roger Rabbit,$156.45M,,,,,,
1988,Coming to America,$128.15M,,,,,,
1988,Big,$114.97M,,,,,,
1988,Twins,$111.94M,,,,,,
1988,Crocodile Dundee II,$109.31M,,,,,,
1988,Die Hard,$83.01M,,,,,,
1988,Cocktail,$78.22M,,,,,,
1988,The Naked Gun: From the Files of Police Squad!,$78.04M,,,,,,
1988,Oliver & Company,$74.15M,,,,,,
1988,Beetlejuice,$73.71M,,,,,,
1988,Working Girl,$64.00M,,,,,,
1988,A Fish Called Wanda,$63.49M,,,,,,
1988,Scrooged,$60.33M,,,,,,
1988,Willow,$57.27M,,,,,,
1988,Beaches,$57.04M,,,,,,
1988,Rambo III,$53.72M,,,,,,
1988,Bull Durham,$50.89M,,,,,,
1988,A Nightmare on Elm Street 4: The Dream Master,$49.37M,,,,,,
1988,The Land Before Time,$48.09M,,,,,,
1988,Colors,$46.62M,,,,,,
1988,Young Guns,$45.66M,,,,,,
1988,Biloxi Blues,$43.18M,,,,,,
1988,Dirty Rotten Scoundrels,$42.04M,,,,,,
1988,The Great Outdoors,$41.46M,,,,,,
1988,Tequila Sunrise,$41.29M,,,,,,
1988,Big Business,$40.15M,,,,,,
1988,Midnight Run,$38.41M,,,,,,
1988,The Dead Pool,$37.90M,,,,,,
1988,Red Heat,$34.99M,,,,,,
1988,Dangerous Liaisons,$34.70M,,,,,,
1988,Mississippi Burning,$34.60M,,,,,,
1988,Child's Play,$33.24M,,,,,,
1988,The Accidental Tourist,$32.63M,,,,,,
1988,The Accused,$32.07M,,,,,,
1988,The Bear,$31.75M,,,,,,
1988,Shoot to Kill,$29.30M,,,,,,
1988,Ernest Saves Christmas,$28.20M,,,,,,
1988,Betrayed,$25.82M,,,,,,
1988,Funny Farm,$25.54M,,,,,,
1988,Alien Nation,$25.22M,,,,,,
1988,Gorillas in the Mist,$24.72M,,,,,,
1988,License to Drive,$22.43M,,,,,,
1988,Short Circuit 2,$21.63M,,,,,,
1988,Married to the Mob,$21.49M,,,,,,
1988,Punchline,$21.03M,,,,,,
1988,Action Jackson,$20.26M,,,,,,
1988,The Presidio,$20.04M,,,,,,
1988,Tucker: The Man and His Dream,$19.65M,,,,,,
1988,The Serpent and the Rainbow,$19.60M,,,,,,
1988,Rain Man,$172.83M,,,,,,
1988,Who Framed Roger Rabbit,$156.45M,,,,,,
1988,Coming to America,$128.15M,,,,,,
1988,Big,$114.97M,,,,,,
1988,Twins,$111.94M,,,,,,
1988,Crocodile Dundee II,$109.31M,,,,,,
1988,Die Hard,$83.01M,,,,,,
1988,Cocktail,$78.22M,,,,,,
1988,The Naked Gun: From the Files of Police Squad!,$78.04M,,,,,,
1988,Oliver & Company,$74.15M,,,,,,
1988,Beetlejuice,$73.71M,,,,,,
1988,Working Girl,$64.00M,,,,,,
1988,A Fish Called Wanda,$63.49M,,,,,,
1988,Scrooged,$60.33M,,,,,,
1988,Willow,$57.27M,,,,,,
1988,Beaches,$57.04M,,,,,,
1988,Rambo III,$53.72M,,,,,,
1988,Bull Durham,$50.89M,,,,,,
1988,A Nightmare on Elm Street 4: The Dream Master,$49.37M,,,,,,
1988,The Land Before Time,$48.09M,,,,,,
1988,Colors,$46.62M,,,,,,
1988,Young Guns,$45.66M,,,,,,
1988,Biloxi Blues,$43.18M,,,,,,
1988,Dirty Rotten Scoundrels,$42.04M,,,,,,
1988,The Great Outdoors,$41.46M,,,,,,
1988,Tequila Sunrise,$41.29M,,,,,,
1988,Big Business,$40.15M,,,,,,
1988,Midnight Run,$38.41M,,,,,,
1988,The Dead Pool,$37.90M,,,,,,
1988,Red Heat,$34.99M,,,,,,
1988,Dangerous Liaisons,$34.70M,,,,,,
1988,Mississippi Burning,$34.60M,,,,,,
1988,Child's Play,$33.24M,,,,,,
1988,The Accidental Tourist,$32.63M,,,,,,
1988,The Accused,$32.07M,,,,,,
1988,The Bear,$31.75M,,,,,,
1988,Shoot to Kill,$29.30M,,,,,,
1988,Ernest Saves Christmas,$28.20M,,,,,,
1988,Betrayed,$25.82M,,,,,,
1988,Funny Farm,$25.54M,,,,,,
1988,Alien Nation,$25.22M,,,,,,
1988,Gorillas in the Mist,$24.72M,,,,,,
1988,License to Drive,$22.43M,,,,,,
1988,Short Circuit 2,$21.63M,,,,,,
1988,Married to the Mob,$21.49M,,,,,,
1988,Punchline,$21.03M,,,,,,
1988,Action Jackson,$20.26M,,,,,,
1988,The Presidio,$20.04M,,,,,,
1988,Tucker: The Man and His Dream,$19.65M,,,,,,
1988,The Serpent and the Rainbow,$19.60M,,,,,,
1989,Batman,$251.19M,,,,,,
1989,Indiana Jones and the Last Crusade,$197.17M,,,,,,
1989,Lethal Weapon 2,$147.25M,,,,,,
1989,Look Who's Talking,$140.09M,$130.72M,,,,,
1989,|Honey, I Shrunk the Kids|,,,,,,
1989,Back to the Future Part II,$118.50M,,,,,,
1989,Ghostbusters II,$112.49M,,,,,,
1989,The Little Mermaid,$111.54M,,,,,,
1989,Driving Miss Daisy,$106.59M,,,,,,
1989,Parenthood,$100.05M,,,,,,
1989,Dead Poets Society,$95.86M,,,,,,
1989,When Harry Met Sally...,$92.82M,,,,,,
1989,The War of the Roses,$86.89M,,,,,,
1989,Steel Magnolias,$83.76M,,,,,,
1989,National Lampoon's Christmas Vacation,$71.32M,,,,,,
1989,Turner & Hooch,$71.08M,,,,,,
1989,Born on the Fourth of July,$70.00M,,,,,,
1989,Uncle Buck,$66.76M,,,,,,
1989,Field of Dreams,$64.43M,,,,,,
1989,Tango & Cash,$63.41M,,,,,,
1989,Harlem Nights,$60.86M,,,,,,
1989,Sea of Love,$58.57M,,,,,,
1989,Pet Sematary,$57.47M,,,,,,
1989,The Abyss,$54.46M,,,,,,
1989,Star Trek V: The Final Frontier,$52.21M,,,,,,
1989,Major League,$49.80M,$46.91M,,,,,
1989,|See No Evil, Hear No Evil|,,,,,,
1989,Black Rain,$46.21M,,,,,,
1989,Always,$43.86M,,,,,,
1989,K-9,$43.25M,,,,,,
1989,Three Fugitives,$40.59M,,,,,,
1989,Bill & Ted's Excellent Adventure,$40.49M,,,,,,
1989,The Karate Kid Part III,$38.96M,,,,,,
1989,The 'Burbs,$36.60M,,,,,,
1989,Fletch Lives,$35.15M,,,,,,
1989,Licence to Kill,$34.67M,,,,,,
1989,Lean on Me,$31.91M,,,,,,
1989,Weekend at Bernie's,$30.22M,,,,,,
1989,Road House,$30.05M,,,,,,
1989,The Dream Team,$28.89M,,,,,,
1989,Do the Right Thing,$27.55M,,,,,,
1989,All Dogs Go to Heaven,$27.10M,,,,,,
1989,Glory,$26.83M, and Videotape|,$24.74M,,,,
1989,|Sex, Lies,,,,,,
1989,A Nightmare on Elm Street 5: The Dream Child,$22.17M,,,,,,
1989,Lock Up,$22.10M,,,,,,
1989,Cousins,$22.03M,,,,,,
1989,Say Anything...,$20.78M,,,,,,
1989,An Innocent Man,$20.05M,,,,,,
1989,The Fly II,$20.02M,,1990,Home Alone,$285.76M,,
1990,Ghost,$217.63M,,,,,,
1990,Dances with Wolves,$184.21M,,,,,,
1990,Pretty Woman,$178.41M,,,,,,
1990,Teenage Mutant Ninja Turtles,$135.27M,,,,,,
1990,The Hunt for Red October,$122.01M,,,,,,
1990,Total Recall,$119.39M,,,,,,
1990,Die Hard 2,$117.54M,,,,,,
1990,Dick Tracy,$103.74M,,,,,,
1990,Kindergarten Cop,$91.46M,,,,,,
1990,Back to the Future Part III,$87.73M,,,,,,
1990,Presumed Innocent,$86.30M,,,,,,
1990,Days of Thunder,$82.67M,,,,,,
1990,Another 48 Hrs.,$80.82M,,,,,,
1990,3 Men and a Little Lady,$71.61M,,,,,,
1990,Bird on a Wire,$70.98M,,,,,,
1990,The Godfather: Part III,$66.67M,,,,,,
1990,Flatliners,$61.49M,,,,,,
1990,Misery,$61.28M,,,,,,
1990,Edward Scissorhands,$56.36M,,,,,,
1990,Problem Child,$53.47M,,,,,,
1990,Arachnophobia,$53.21M,,,,,,
1990,Awakenings,$52.10M,,,,,,
1990,Look Who's Talking Too,$47.49M,,,,,,
1990,Hard to Kill,$47.41M,,,,,,
1990,Goodfellas,$46.84M,,,,,,
1990,Marked for Death,$46.04M,,,,,,
1990,RoboCop 2,$45.68M,,,,,,
1990,Young Guns II,$44.14M,,,,,,
1990,Gremlins 2: The New Batch,$41.48M,,,,,,
1990,Rocky V,$40.95M,,,,,,
1990,Joe Versus the Volcano,$39.40M,,,,,,
1990,Postcards from the Edge,$37.96M,,,,,,
1990,Mermaids,$35.42M,,,,,,
1990,Darkman,$33.88M,,,,,,
1990,Air America,$31.05M,,,,,,
1990,Predator 2,$30.67M,,,,,,
1990,Green Card,$29.89M,,,,,,
1990,Pacific Heights,$29.38M,,,,,,
1990,Child's Play 2,$28.50M,,,,,,
1990,The Rescuers Down Under,$27.93M,,,,,,
1990,Internal Affairs,$27.73M,,,,,,
1990,Cadillac Man,$27.63M,,,,,,
1990,Memphis Belle,$27.44M,,,,,,
1990,House Party,$26.39M,,,,,,
1990,Jacob's Ladder,$26.12M,,,,,,
1990,The Exorcist III,$26.10M,,,,,,
1990,Navy Seals,$25.07M,,,,,,
1990,Ernest Goes to Jail,$25.03M,,,,,,
1990,Ghost Dad,$24.71M,,,,,,
1990,Home Alone,$285.76M,,,,,,
1990,Ghost,$217.63M,,,,,,
1990,Dances with Wolves,$184.21M,,,,,,
1990,Pretty Woman,$178.41M,,,,,,
1990,Teenage Mutant Ninja Turtles,$135.27M,,,,,,
1990,The Hunt for Red October,$122.01M,,,,,,
1990,Total Recall,$119.39M,,,,,,
1990,Die Hard 2,$117.54M,,,,,,
1990,Dick Tracy,$103.74M,,,,,,
1990,Kindergarten Cop,$91.46M,,,,,,
1990,Back to the Future Part III,$87.73M,,,,,,
1990,Presumed Innocent,$86.30M,,,,,,
1990,Days of Thunder,$82.67M,,,,,,
1990,Another 48 Hrs.,$80.82M,,,,,,
1990,3 Men and a Little Lady,$71.61M,,,,,,
1990,Bird on a Wire,$70.98M,,,,,,
1990,The Godfather: Part III,$66.67M,,,,,,
1990,Flatliners,$61.49M,,,,,,
1990,Misery,$61.28M,,,,,,
1990,Edward Scissorhands,$56.36M,,,,,,
1990,Problem Child,$53.47M,,,,,,
1990,Arachnophobia,$53.21M,,,,,,
1990,Awakenings,$52.10M,,,,,,
1990,Look Who's Talking Too,$47.49M,,,,,,
1990,Hard to Kill,$47.41M,,,,,,
1990,Goodfellas,$46.84M,,,,,,
1990,Marked for Death,$46.04M,,,,,,
1990,RoboCop 2,$45.68M,,,,,,
1990,Young Guns II,$44.14M,,,,,,
1990,Gremlins 2: The New Batch,$41.48M,,,,,,
1990,Rocky V,$40.95M,,,,,,
1990,Joe Versus the Volcano,$39.40M,,,,,,
1990,Postcards from the Edge,$37.96M,,,,,,
1990,Mermaids,$35.42M,,,,,,
1990,Darkman,$33.88M,,,,,,
1990,Air America,$31.05M,,,,,,
1990,Predator 2,$30.67M,,,,,,
1990,Green Card,$29.89M,,,,,,
1990,Pacific Heights,$29.38M,,,,,,
1990,Child's Play 2,$28.50M,,,,,,
1990,The Rescuers Down Under,$27.93M,,,,,,
1990,Internal Affairs,$27.73M,,,,,,
1990,Cadillac Man,$27.63M,,,,,,
1990,Memphis Belle,$27.44M,,,,,,
1990,House Party,$26.39M,,,,,,
1990,Jacob's Ladder,$26.12M,,,,,,
1990,The Exorcist III,$26.10M,,,,,,
1990,Navy Seals,$25.07M,,,,,,
1990,Ernest Goes to Jail,$25.03M,,,,,,
1990,Ghost Dad,$24.71M,,,,,,
1991,Beauty and the Beast,$218.97M,,,,,,
1991,Terminator 2,$204.84M,,,,,,
1991,Robin Hood: Prince of Thieves,$165.50M,,,,,,
1991,The Silence of the Lambs,$130.74M,,,,,,
1991,City Slickers,$124.03M,,,,,,
1991,Hook,$119.65M,,,,,,
1991,The Addams Family,$113.50M,,,,,,
1991,Sleeping with the Enemy,$101.60M,,,,,,
1991,Father of the Bride,$89.33M,,,,,,
1991,The Naked Gun 2_: The Smell of Fear,$86.93M,,,,,,
1991,Fried Green Tomatoes,$82.42M,,,,,,
1991,Cape Fear,$79.10M,,,,,,
1991,Teenage Mutant Ninja Turtles II: The Secret of the Ooze,$78.66M,,,,,,
1991,Backdraft,$77.87M,,,,,,
1991,Star Trek VI: The Undiscovered Country,$74.89M,,,,,,
1991,The Prince of Tides,$74.79M,,,,,,
1991,JFK,$70.41M,,,,,,
1991,Hot Shots!,$69.47M,,,,,,
1991,What About Bob?,$63.71M,,,,,,
1991,My Girl,$59.85M,,,,,,
1991,The Last Boy Scout,$59.51M,,,,,,
1991,Boyz n the Hood,$57.50M,,,,,,
1991,Doc Hollywood,$54.83M,,,,,,
1991,Bugsy,$49.11M,,,,,,
1991,New Jack City,$47.62M,,,,,,
1991,The Rocketeer,$46.70M,,,,,,
1991,Thelma & Louise,$45.36M,,,,,,
1991,Drop Dead Fred,$43.88M,,,,,,
1991,Point Break,$43.22M,,,,,,
1991,Regarding Henry,$43.00M,,,,,,
1991,The Fisher King,$41.90M,,,,,,
1991,Out for Justice,$39.67M,,,,,,
1991,The Doctor,$38.12M,,,,,,
1991,Bill & Ted's Bogus Journey,$38.04M,,,,,,
1991,Dead Again,$38.02M,,,,,,
1991,Soapdish,$36.49M,,,,,,
1991,The Doors,$35.18M,,,,,,
1991,Freddy's Dead: The Final Nightmare,$34.87M,,,,,,
1991,White Fang,$34.79M,,,,,,
1991,King Ralph,$34.00M,,,,,,
1991,Curly Sue,$33.69M,,,,,,
1991,Dying Young,$33.67M,,,,,,
1991,Grand Canyon,$33.24M,,,,,,
1991,Jungle Fever,$32.48M,,,,,,
1991,Double Impact,$30.10M,,,,,,
1991,L.A. Story,$28.86M,,,,,,
1991,Deceived,$28.74M,,,,,,
1991,Necessary Roughness,$26.26M,,,,,,
1991,The Hard Way,$25.90M,,,,,,
1991,Other People's Money,$25.68M,,,,,,
1990,Home Alone,$285.76M,,,,,,
1990,Ghost,$217.63M,,,,,,
1990,Dances with Wolves,$184.21M,,,,,,
1990,Pretty Woman,$178.41M,,,,,,
1990,Teenage Mutant Ninja Turtles,$135.27M,,,,,,
1990,The Hunt for Red October,$122.01M,,,,,,
1990,Total Recall,$119.39M,,,,,,
1990,Die Hard 2,$117.54M,,,,,,
1990,Dick Tracy,$103.74M,,,,,,
1990,Kindergarten Cop,$91.46M,,,,,,
1990,Back to the Future Part III,$87.73M,,,,,,
1990,Presumed Innocent,$86.30M,,,,,,
1990,Days of Thunder,$82.67M,,,,,,
1990,Another 48 Hrs.,$80.82M,,,,,,
1990,3 Men and a Little Lady,$71.61M,,,,,,
1990,Bird on a Wire,$70.98M,,,,,,
1990,The Godfather: Part III,$66.67M,,,,,,
1990,Flatliners,$61.49M,,,,,,
1990,Misery,$61.28M,,,,,,
1990,Edward Scissorhands,$56.36M,,,,,,
1990,Problem Child,$53.47M,,,,,,
1990,Arachnophobia,$53.21M,,,,,,
1990,Awakenings,$52.10M,,,,,,
1990,Look Who's Talking Too,$47.49M,,,,,,
1990,Hard to Kill,$47.41M,,,,,,
1990,Goodfellas,$46.84M,,,,,,
1990,Marked for Death,$46.04M,,,,,,
1990,RoboCop 2,$45.68M,,,,,,
1990,Young Guns II,$44.14M,,,,,,
1990,Gremlins 2: The New Batch,$41.48M,,,,,,
1990,Rocky V,$40.95M,,,,,,
1990,Joe Versus the Volcano,$39.40M,,,,,,
1990,Postcards from the Edge,$37.96M,,,,,,
1990,Mermaids,$35.42M,,,,,,
1990,Darkman,$33.88M,,,,,,
1990,Air America,$31.05M,,,,,,
1990,Predator 2,$30.67M,,,,,,
1990,Green Card,$29.89M,,,,,,
1990,Pacific Heights,$29.38M,,,,,,
1990,Child's Play 2,$28.50M,,,,,,
1990,The Rescuers Down Under,$27.93M,,,,,,
1990,Internal Affairs,$27.73M,,,,,,
1990,Cadillac Man,$27.63M,,,,,,
1990,Memphis Belle,$27.44M,,,,,,
1990,House Party,$26.39M,,,,,,
1990,Jacob's Ladder,$26.12M,,,,,,
1990,The Exorcist III,$26.10M,,,,,,
1990,Navy Seals,$25.07M,,,,,,
1990,Ernest Goes to Jail,$25.03M,,,,,,
1990,Ghost Dad,$24.71M,,,,,,
1991,Beauty and the Beast,$218.97M,,,,,,
1991,Terminator 2,$204.84M,,,,,,
1991,Robin Hood: Prince of Thieves,$165.50M,,,,,,
1991,The Silence of the Lambs,$130.74M,,,,,,
1991,City Slickers,$124.03M,,,,,,
1991,Hook,$119.65M,,,,,,
1991,The Addams Family,$113.50M,,,,,,
1991,Sleeping with the Enemy,$101.60M,,,,,,
1991,Father of the Bride,$89.33M,,,,,,
1991,The Naked Gun 2_: The Smell of Fear,$86.93M,,,,,,
1991,Fried Green Tomatoes,$82.42M,,,,,,
1991,Cape Fear,$79.10M,,,,,,
1991,Teenage Mutant Ninja Turtles II: The Secret of the Ooze,$78.66M,,,,,,
1991,Backdraft,$77.87M,,,,,,
1991,Star Trek VI: The Undiscovered Country,$74.89M,,,,,,
1991,The Prince of Tides,$74.79M,,,,,,
1991,JFK,$70.41M,,,,,,
1991,Hot Shots!,$69.47M,,,,,,
1991,What About Bob?,$63.71M,,,,,,
1991,My Girl,$59.85M,,,,,,
1991,The Last Boy Scout,$59.51M,,,,,,
1991,Boyz n the Hood,$57.50M,,,,,,
1991,Doc Hollywood,$54.83M,,,,,,
1991,Bugsy,$49.11M,,,,,,
1991,New Jack City,$47.62M,,,,,,
1991,The Rocketeer,$46.70M,,,,,,
1991,Thelma & Louise,$45.36M,,,,,,
1991,Drop Dead Fred,$43.88M,,,,,,
1991,Point Break,$43.22M,,,,,,
1991,Regarding Henry,$43.00M,,,,,,
1991,The Fisher King,$41.90M,,,,,,
1991,Out for Justice,$39.67M,,,,,,
1991,The Doctor,$38.12M,,,,,,
1991,Bill & Ted's Bogus Journey,$38.04M,,,,,,
1991,Dead Again,$38.02M,,,,,,
1991,Soapdish,$36.49M,,,,,,
1991,The Doors,$35.18M,,,,,,
1991,Freddy's Dead: The Final Nightmare,$34.87M,,,,,,
1991,White Fang,$34.79M,,,,,,
1991,King Ralph,$34.00M,,,,,,
1991,Curly Sue,$33.69M,,,,,,
1991,Dying Young,$33.67M,,,,,,
1991,Grand Canyon,$33.24M,,,,,,
1991,Jungle Fever,$32.48M,,,,,,
1991,Double Impact,$30.10M,,,,,,
1991,L.A. Story,$28.86M,,,,,,
1991,Deceived,$28.74M,,,,,,
1991,Necessary Roughness,$26.26M,,,,,,
1991,The Hard Way,$25.90M,,,,,,
1991,Other People's Money,$25.68M,,,,,,
1992,Aladdin,$217.35M,,,,,,
1992,Home Alone 2: Lost in New York,$173.59M,,,,,,
1992,Batman Returns,$162.83M,,,,,,
1992,Lethal Weapon 3,$144.73M,,,,,,
1992,A Few Good Men,$141.34M,,,,,,
1992,Sister Act,$139.61M,,,,,,
1992,The Bodyguard,$121.95M,,,,,,
1992,Wayne's World,$121.70M,,,,,,
1992,Basic Instinct,$117.73M,,,,,,
1992,A League of Their Own,$107.53M,,,,,,
1992,Unforgiven,$101.16M,,,,,,
1992,The Hand That Rocks the Cradle,$88.04M,,,,,,
1992,Under Siege,$83.36M,,,,,,
1992,Patriot Games,$83.29M,,,,,,
1992,Dracula,$82.52M,,,,,,
1992,White Men Can't Jump,$76.25M,,,,,,
1992,The Last of the Mohicans,$75.51M,,,,,,
1992,Boomerang,$70.10M,,,,,,
1992,Scent of a Woman,$63.90M,,,,,,
1992,The Crying Game,$62.55M,,,,,,
1992,Far and Away,$58.88M,,,,,,
1992,Honey I Blew Up the Kid,$58.66M,,,,,,
1992,HouseSitter,$58.50M,,,,,,
1992,Death Becomes Her,$58.42M,,,,,,
1992,Unlawful Entry,$57.14M,,,,,,
1992,Beethoven,$57.11M,,,,,,
1992,Forever Young,$55.96M,,,,,,
1992,Alien_,$55.47M,,,,,,
1992,My Cousin Vinny,$52.93M,,,,,,
1992,Sneakers,$51.43M,,,,,,
1992,The Mighty Ducks,$50.75M,,,,,,
1992,Malcolm X,$48.17M,,,,,,
1992,Single White Female,$47.92M,,,,,,
1992,The Distinguished Gentleman,$46.67M,,,,,,
1992,Medicine Man,$45.50M,,,,,,
1992,Passenger 57,$44.07M,,,,,,
1992,A River Runs Through It,$43.44M,,,,,,
1992,Encino Man,$40.69M,,,,,,
1992,Mo' Money,$40.23M,,,,,,
1992,Universal Soldier,$36.30M,,,,,,
1992,Honeymoon in Vegas,$35.21M,,,,,,
1992,The Lawnmower Man,$32.10M,,,,,,
1992,Sleepwalkers,$30.52M,,,,,,
1992,3 Ninjas,$29.00M,,,,,,
1992,Final Analysis,$28.59M,,,,,,
1992,Stop! Or My Mom Will Shoot,$28.41M,,,,,,
1992,The Muppet Christmas Carol,$27.28M,,,,,,
1992,Howards End,$25.97M,,,,,,
1992,Candyman,$25.79M,,,,,,
1992,The Cutting Edge,$25.11M,,,,1992,Aladdin,$217.35M
1992,Home Alone 2: Lost in New York,$173.59M,,,,,,
1992,Batman Returns,$162.83M,,,,,,
1992,Lethal Weapon 3,$144.73M,,,,,,
1992,A Few Good Men,$141.34M,,,,,,
1992,Sister Act,$139.61M,,,,,,
1992,The Bodyguard,$121.95M,,,,,,
1992,Wayne's World,$121.70M,,,,,,
1992,Basic Instinct,$117.73M,,,,,,
1992,A League of Their Own,$107.53M,,,,,,
1992,Unforgiven,$101.16M,,,,,,
1992,The Hand That Rocks the Cradle,$88.04M,,,,,,
1992,Under Siege,$83.36M,,,,,,
1992,Patriot Games,$83.29M,,,,,,
1992,Dracula,$82.52M,,,,,,
1992,White Men Can't Jump,$76.25M,,,,,,
1992,The Last of the Mohicans,$75.51M,,,,,,
1992,Boomerang,$70.10M,,,,,,
1992,Scent of a Woman,$63.90M,,,,,,
1992,The Crying Game,$62.55M,,,,,,
1992,Far and Away,$58.88M,,,,,,
1992,Honey I Blew Up the Kid,$58.66M,,,,,,
1992,HouseSitter,$58.50M,,,,,,
1992,Death Becomes Her,$58.42M,,,,,,
1992,Unlawful Entry,$57.14M,,,,,,
1992,Beethoven,$57.11M,,,,,,
1992,Forever Young,$55.96M,,,,,,
1992,Alien_,$55.47M,,,,,,
1992,My Cousin Vinny,$52.93M,,,,,,
1992,Sneakers,$51.43M,,,,,,
1992,The Mighty Ducks,$50.75M,,,,,,
1992,Malcolm X,$48.17M,,,,,,
1992,Single White Female,$47.92M,,,,,,
1992,The Distinguished Gentleman,$46.67M,,,,,,
1992,Medicine Man,$45.50M,,,,,,
1992,Passenger 57,$44.07M,,,,,,
1992,A River Runs Through It,$43.44M,,,,,,
1992,Encino Man,$40.69M,,,,,,
1992,Mo' Money,$40.23M,,,,,,
1992,Universal Soldier,$36.30M,,,,,,
1992,Honeymoon in Vegas,$35.21M,,,,,,
1992,The Lawnmower Man,$32.10M,,,,,,
1992,Sleepwalkers,$30.52M,,,,,,
1992,3 Ninjas,$29.00M,,,,,,
1992,Final Analysis,$28.59M,,,,,,
1992,Stop! Or My Mom Will Shoot,$28.41M,,,,,,
1992,The Muppet Christmas Carol,$27.28M,,,,,,
1992,Howards End,$25.97M,,,,,,
1992,Candyman,$25.79M,,,,,,
1992,The Cutting Edge,$25.11M,,,,,,
1992,Aladdin,$217.35M,,,,,,
1992,Home Alone 2: Lost in New York,$173.59M,,,,,,
1992,Batman Returns,$162.83M,,,,,,
1992,Lethal Weapon 3,$144.73M,,,,,,
1992,A Few Good Men,$141.34M,,,,,,
1992,Sister Act,$139.61M,,,,,,
1992,The Bodyguard,$121.95M,,,,,,
1992,Wayne's World,$121.70M,,,,,,
1992,Basic Instinct,$117.73M,,,,,,
1992,A League of Their Own,$107.53M,,,,,,
1992,Unforgiven,$101.16M,,,,,,
1992,The Hand That Rocks the Cradle,$88.04M,,,,,,
1992,Under Siege,$83.36M,,,,,,
1992,Patriot Games,$83.29M,,,,,,
1992,Dracula,$82.52M,,,,,,
1992,White Men Can't Jump,$76.25M,,,,,,
1992,The Last of the Mohicans,$75.51M,,,,,,
1992,Boomerang,$70.10M,,,,,,
1992,Scent of a Woman,$63.90M,,,,,,
1992,The Crying Game,$62.55M,,,,,,
1992,Far and Away,$58.88M,,,,,,
1992,Honey I Blew Up the Kid,$58.66M,,,,,,
1992,HouseSitter,$58.50M,,,,,,
1992,Death Becomes Her,$58.42M,,,,,,
1992,Unlawful Entry,$57.14M,,,,,,
1992,Beethoven,$57.11M,,,,,,
1992,Forever Young,$55.96M,,,,,,
1992,Alien_,$55.47M,,,,,,
1992,My Cousin Vinny,$52.93M,,,,,,
1992,Sneakers,$51.43M,,,,,,
1992,The Mighty Ducks,$50.75M,,,,,,
1992,Malcolm X,$48.17M,,,,,,
1992,Single White Female,$47.92M,,,,,,
1992,The Distinguished Gentleman,$46.67M,,,,,,
1992,Medicine Man,$45.50M,,,,,,
1992,Passenger 57,$44.07M,,,,,,
1992,A River Runs Through It,$43.44M,,,,,,
1992,Encino Man,$40.69M,,,,,,
1992,Mo' Money,$40.23M,,,,,,
1992,Universal Soldier,$36.30M,,,,,,
1992,Honeymoon in Vegas,$35.21M,,,,,,
1992,The Lawnmower Man,$32.10M,,,,,,
1992,Sleepwalkers,$30.52M,,,,,,
1992,3 Ninjas,$29.00M,,,,,,
1992,Final Analysis,$28.59M,,,,,,
1992,Stop! Or My Mom Will Shoot,$28.41M,,,,,,
1992,The Muppet Christmas Carol,$27.28M,,,,,,
1992,Howards End,$25.97M,,,,,,
1992,Candyman,$25.79M,,,,,,
1992,The Cutting Edge,$25.11M,,,,,,
1993,Jurassic Park,$402.45M,,,,,,
1993,Mrs. Doubtfire,$219.20M,,,,,,
1993,The Fugitive,$183.88M,,,,,,
1993,The Firm,$158.35M,,,,,,
1993,Sleepless in Seattle,$126.53M,,,,,,
1993,Indecent Proposal,$106.61M,,,,,,
1993,In the Line of Fire,$102.31M,,,,,,
1993,The Pelican Brief,$100.77M,,,,,,
1993,Schindler's List,$96.07M,,,,,,
1993,Cliffhanger,$84.05M,,,,,,
1993,Free Willy,$77.70M,,,,,,
1993,Philadelphia,$77.32M,,,,,,
1993,The Nightmare Before Christmas,$75.08M,,,,,,
1993,Groundhog Day,$70.91M,,,,,,
1993,Grumpy Old Men,$70.17M,,,,,,
1993,Cool Runnings,$68.86M,,,,,,
1993,Dave,$63.27M,,,,,,
1993,Rising Sun,$63.10M,,,,,,
1993,Demolition Man,$58.06M,,,,,,
1993,Sister Act 2: Back in the Habit,$57.32M,,,,,,
1993,Tombstone,$56.51M,,,,,,
1993,The Three Musketeers,$53.90M,,,,,,
1993,Rookie of the Year,$53.58M,,,,,,
1993,Beethoven's 2nd,$53.35M,,,,,,
1993,Dennis the Menace,$51.27M,,,,,,
1993,Sommersby,$50.08M,,,,,,
1993,Last Action Hero,$50.02M,,,,,,
1993,Addams Family Values,$48.92M,,,,,,
1993,Wayne's World 2,$48.20M,,,,,,
1993,Malice,$46.04M,,,,,,
1993,Made in America,$44.94M,,,,,,
1993,The Good Son,$44.59M,,,,,,
1993,The Beverly Hillbillies,$44.03M,,,,,,
1993,Teenage Mutant Ninja Turtles III,$42.66M,,,,,,
1993,Homeward Bound: The Incredible Journey,$41.83M,,,,,,
1993,Falling Down,$40.90M,,,,,,
1993,The Piano,$40.16M,,,,,,
1993,Hocus Pocus,$39.51M,,,,,,
1993,What's Love Got to Do with It,$39.10M,,,,,,
1993,Hot Shots! Part Deux,$38.91M,,,,,,
1993,Carlito's Way,$36.95M,,,,,,
1993,Alive,$36.73M,,,,,,
1993,Son in Law,$36.45M,,,,,,
1993,Sliver,$36.30M,,,,,,
1993,Robin Hood: Men in Tights,$35.74M,,,,,,
1993,Dragon: The Bruce Lee Story,$35.11M,,,,,,
1993,The Joy Luck Club,$32.86M,,,,,,
1993,Hard Target,$32.59M,,,,,,
1993,The Sandlot,$32.42M,,,,,,
1993,The Age of Innocence,$32.20M,,,,,,
1992,Aladdin,$217.35M,,,,,,
1992,Home Alone 2: Lost in New York,$173.59M,,,,,,
1992,Batman Returns,$162.83M,,,,,,
1992,Lethal Weapon 3,$144.73M,,,,,,
1992,A Few Good Men,$141.34M,,,,,,
1992,Sister Act,$139.61M,,,,,,
1992,The Bodyguard,$121.95M,,,,,,
1992,Wayne's World,$121.70M,,,,,,
1992,Basic Instinct,$117.73M,,,,,,
1992,A League of Their Own,$107.53M,,,,,,
1992,Unforgiven,$101.16M,,,,,,
1992,The Hand That Rocks the Cradle,$88.04M,,,,,,
1992,Under Siege,$83.36M,,,,,,
1992,Patriot Games,$83.29M,,,,,,
1992,Dracula,$82.52M,,,,,,
1992,White Men Can't Jump,$76.25M,,,,,,
1992,The Last of the Mohicans,$75.51M,,,,,,
1992,Boomerang,$70.10M,,,,,,
1992,Scent of a Woman,$63.90M,,,,,,
1992,The Crying Game,$62.55M,,,,,,
1992,Far and Away,$58.88M,,,,,,
1992,Honey I Blew Up the Kid,$58.66M,,,,,,
1992,HouseSitter,$58.50M,,,,,,
1992,Death Becomes Her,$58.42M,,,,,,
1992,Unlawful Entry,$57.14M,,,,,,
1992,Beethoven,$57.11M,,,,,,
1992,Forever Young,$55.96M,,,,,,
1992,Alien_,$55.47M,,,,,,
1992,My Cousin Vinny,$52.93M,,,,,,
1992,Sneakers,$51.43M,,,,,,
1992,The Mighty Ducks,$50.75M,,,,,,
1992,Malcolm X,$48.17M,,,,,,
1992,Single White Female,$47.92M,,,,,,
1992,The Distinguished Gentleman,$46.67M,,,,,,
1992,Medicine Man,$45.50M,,,,,,
1992,Passenger 57,$44.07M,,,,,,
1992,A River Runs Through It,$43.44M,,,,,,
1992,Encino Man,$40.69M,,,,,,
1992,Mo' Money,$40.23M,,,,,,
1992,Universal Soldier,$36.30M,,,,,,
1992,Honeymoon in Vegas,$35.21M,,,,,,
1992,The Lawnmower Man,$32.10M,,,,,,
1992,Sleepwalkers,$30.52M,,,,,,
1992,3 Ninjas,$29.00M,,,,,,
1992,Final Analysis,$28.59M,,,,,,
1992,Stop! Or My Mom Will Shoot,$28.41M,,,,,,
1992,The Muppet Christmas Carol,$27.28M,,,,,,
1992,Howards End,$25.97M,,,,,,
1992,Candyman,$25.79M,,,,,,
1992,The Cutting Edge,$25.11M,,,,,,
1993,Jurassic Park,$402.45M,,,,,,
1993,Mrs. Doubtfire,$219.20M,,,,,,
1993,The Fugitive,$183.88M,,,,,,
1993,The Firm,$158.35M,,,,,,
1993,Sleepless in Seattle,$126.53M,,,,,,
1993,Indecent Proposal,$106.61M,,,,,,
1993,In the Line of Fire,$102.31M,,,,,,
1993,The Pelican Brief,$100.77M,,,,,,
1993,Schindler's List,$96.07M,,,,,,
1993,Cliffhanger,$84.05M,,,,,,
1993,Free Willy,$77.70M,,,,,,
1993,Philadelphia,$77.32M,,,,,,
1993,The Nightmare Before Christmas,$75.08M,,,,,,
1993,Groundhog Day,$70.91M,,,,,,
1993,Grumpy Old Men,$70.17M,,,,,,
1993,Cool Runnings,$68.86M,,,,,,
1993,Dave,$63.27M,,,,,,
1993,Rising Sun,$63.10M,,,,,,
1993,Demolition Man,$58.06M,,,,,,
1993,Sister Act 2: Back in the Habit,$57.32M,,,,,,
1993,Tombstone,$56.51M,,,,,,
1993,The Three Musketeers,$53.90M,,,,,,
1993,Rookie of the Year,$53.58M,,,,,,
1993,Beethoven's 2nd,$53.35M,,,,,,
1993,Dennis the Menace,$51.27M,,,,,,
1993,Sommersby,$50.08M,,,,,,
1993,Last Action Hero,$50.02M,,,,,,
1993,Addams Family Values,$48.92M,,,,,,
1993,Wayne's World 2,$48.20M,,,,,,
1993,Malice,$46.04M,,,,,,
1993,Made in America,$44.94M,,,,,,
1993,The Good Son,$44.59M,,,,,,
1993,The Beverly Hillbillies,$44.03M,,,,,,
1993,Teenage Mutant Ninja Turtles III,$42.66M,,,,,,
1993,Homeward Bound: The Incredible Journey,$41.83M,,,,,,
1993,Falling Down,$40.90M,,,,,,
1993,The Piano,$40.16M,,,,,,
1993,Hocus Pocus,$39.51M,,,,,,
1993,What's Love Got to Do with It,$39.10M,,,,,,
1993,Hot Shots! Part Deux,$38.91M,,,,,,
1993,Carlito's Way,$36.95M,,,,,,
1993,Alive,$36.73M,,,,,,
1993,Son in Law,$36.45M,,,,,,
1993,Sliver,$36.30M,,,,,,
1993,Robin Hood: Men in Tights,$35.74M,,,,,,
1993,Dragon: The Bruce Lee Story,$35.11M,,,,,,
1993,The Joy Luck Club,$32.86M,,,,,,
1993,Hard Target,$32.59M,,,,,,
1993,The Sandlot,$32.42M,,,,,,
1993,The Age of Innocence,$32.20M,,,,,,
1994,Forrest Gump,$330.25M,,,,,,
1994,The Lion King,$312.90M,,,,,,
1994,True Lies,$146.28M,,,,,,
1994,The Santa Clause,$144.83M,,,,,,
1994,The Flintstones,$130.51M,,,,,,
1994,Dumb and Dumber,$127.18M,,,,,,
1994,Clear and Present Danger,$122.19M,,,,,,
1994,Speed,$121.25M,,,,,,
1994,The Mask,$119.94M,,,,,,
1994,Pulp Fiction,$107.93M,,,,,,
1994,Interview with the Vampire: The Vampire Chronicles,$105.26M,,,,,,
1994,Maverick,$101.63M,,,,,,
1994,The Client,$92.12M,,,,,,
1994,Disclosure,$83.02M,,,,,,
1994,Star Trek: Generations,$75.67M,,,,,,
1994,Ace Ventura: Pet Detective,$72.22M,,,,,,
1994,Stargate,$71.57M,,,,,,
1994,Legends of the Fall,$66.64M,,,,,,
1994,Wolf,$65.01M,,,,,,
1994,The Specialist,$57.36M,,,,,,
1994,Four Weddings and a Funeral,$52.70M,,,,,,
1994,The Little Rascals,$51.76M,,,,,,
1994,Naked Gun 33 1/3: The Final Insult,$51.13M,,,,,,
1994,The Crow,$50.69M,,,,,,
1994,Natural Born Killers,$50.28M,,,,,,
1994,Angels in the Outfield,$50.24M,,,,,,
1994,Little Women,$50.08M,,,,,,
1994,When a Man Loves a Woman,$50.02M,,,,,,
1994,The River Wild,$46.82M,,,,,,
1994,D2: The Mighty Ducks,$45.61M,,,,,,
1994,Timecop,$44.85M,,,,,,
1994,The Jungle Book,$44.34M,,,,,,
1994,City Slickers II: The Legend of Curly's Gold,$43.62M,,,,,,
1994,Beverly Hills Cop III,$42.61M,,,,,,
1994,Nobody's Fool,$39.49M,,,,,,
1994,The Paper,$38.82M,,,,,,
1994,On Deadly Ground,$38.59M,,,,,,
1994,Ri¢hie Ri¢h,$38.09M,,,,,,
1994,It Could Happen to You,$37.80M,,,,,,
1994,Junior,$36.76M,,,,,,
1994,Nell,$33.68M,,,,,,
1994,Street Fighter,$33.42M,,,,,,
1994,The Shadow,$32.06M,,,,,,
1994,I Love Trouble,$30.81M,,,,,,
1994,Major League II,$30.63M,,,,,,
1994,Blank Check,$30.58M,,,,,,
1994,Blown Away,$30.16M,,,,,,
1994,A Low Down Dirty Shame,$29.39M,,,,,,
1994,In the Army Now,$28.86M,,,,,,
1994,Drop Zone,$28.72M,,,,,,
1995,Toy Story,$191.80M,,,,,,
1995,Batman Forever,$184.03M,,,,,,
1995,Apollo 13,$173.84M,,,,,,
1995,Pocahontas,$141.60M,,,,,,
1995,Ace Ventura: When Nature Calls,$108.39M,,,,,,
1995,GoldenEye,$106.60M,,,,,,
1995,Jumanji,$100.48M,,,,,,
1995,Casper,$100.33M,,,,,,
1995,Se7en,$100.13M,,,,,,
1995,Die Hard with a Vengeance,$100.01M,,,,,,
1995,Crimson Tide,$91.40M,,,,,,
1995,Waterworld,$88.25M,,,,,,
1995,Dangerous Minds,$84.92M,,,,,,
1995,Mr. Holland's Opus,$82.57M,,,,,,
1995,While You Were Sleeping,$81.06M,,,,,,
1995,Congo,$81.02M,,,,,,
1995,Father of the Bride Part II,$76.59M,,,,,,
1995,Braveheart,$75.60M,,,,,,
1995,Get Shorty,$72.08M,,,,,,
1995,The Bridges of Madison County,$71.52M,,,,,,
1995,Mortal Kombat,$70.45M,,,,,,
1995,Grumpier Old Men,$69.87M,,,,,,
1995,Nine Months,$69.70M,,,,,,
1995,Outbreak,$67.82M,,,,,,
1995,Heat,$67.44M,,,,,,
1995,Waiting to Exhale,$67.05M,,,,,,
1995,Babe,$66.60M,,,,,,
1995,Bad Boys,$65.81M,,,,,,
1995,The American President,$65.00M,,,,,,
1995,Species,$60.07M,,,,,,
1995,Twelve Monkeys,$57.14M,,,,,,
1995,Clueless,$56.63M,,,,,,
1995,Sabrina,$53.67M,,,,,,
1995,Something to Talk About,$50.89M,,,,,,
1995,The Net,$50.73M,,,,,,
1995,Under Siege 2: Dark Territory,$50.02M,,,,,,
1995,A Walk in the Clouds,$50.01M,,,,,,
1995,The Brady Bunch Movie,$46.58M,,,,,,
1995,Sense and Sensibility,$43.18M,,,,,,
1995,Casino,$42.44M,,,,,,
1995,Man of the House,$40.07M,,,,,,
1995,Dead Man Walking,$39.39M,,,,,,
1995,French Kiss,$38.90M,,,,,,
1995,Higher Learning,$38.29M,,,,,,
1995,Mighty Morphin Power Rangers: The Movie,$37.80M,,,,,,
1995,First Knight,$37.60M,,,,,,
1995,Just Cause,$36.85M,,,,,,
1995,|To Wong Foo Thanks for Everything, Julie Newmar|,$36.47M,,,,,
1995,The Indian in the Cupboard,$35.62M,,,,,,
1995,A Goofy Movie,$35.35M,,,,,,
1995,Toy Story,$191.80M,,,,,,
1995,Batman Forever,$184.03M,,,,,,
1995,Apollo 13,$173.84M,,,,,,
1995,Pocahontas,$141.60M,,,,,,
1995,Ace Ventura: When Nature Calls,$108.39M,,,,,,
1995,GoldenEye,$106.60M,,,,,,
1995,Jumanji,$100.48M,,,,,,
1995,Casper,$100.33M,,,,,,
1995,Se7en,$100.13M,,,,,,
1995,Die Hard with a Vengeance,$100.01M,,,,,,
1995,Crimson Tide,$91.40M,,,,,,
1995,Waterworld,$88.25M,,,,,,
1995,Dangerous Minds,$84.92M,,,,,,
1995,Mr. Holland's Opus,$82.57M,,,,,,
1995,While You Were Sleeping,$81.06M,,,,,,
1995,Congo,$81.02M,,,,,,
1995,Father of the Bride Part II,$76.59M,,,,,,
1995,Braveheart,$75.60M,,,,,,
1995,Get Shorty,$72.08M,,,,,,
1995,The Bridges of Madison County,$71.52M,,,,,,
1995,Mortal Kombat,$70.45M,,,,,,
1995,Grumpier Old Men,$69.87M,,,,,,
1995,Nine Months,$69.70M,,,,,,
1995,Outbreak,$67.82M,,,,,,
1995,Heat,$67.44M,,,,,,
1995,Waiting to Exhale,$67.05M,,,,,,
1995,Babe,$66.60M,,,,,,
1995,Bad Boys,$65.81M,,,,,,
1995,The American President,$65.00M,,,,,,
1995,Species,$60.07M,,,,,,
1995,Twelve Monkeys,$57.14M,,,,,,
1995,Clueless,$56.63M,,,,,,
1995,Sabrina,$53.67M,,,,,,
1995,Something to Talk About,$50.89M,,,,,,
1995,The Net,$50.73M,,,,,,
1995,Under Siege 2: Dark Territory,$50.02M,,,,,,
1995,A Walk in the Clouds,$50.01M,,,,,,
1995,The Brady Bunch Movie,$46.58M,,,,,,
1995,Sense and Sensibility,$43.18M,,,,,,
1995,Casino,$42.44M,,,,,,
1995,Man of the House,$40.07M,,,,,,
1995,Dead Man Walking,$39.39M,,,,,,
1995,French Kiss,$38.90M,,,,,,
1995,Higher Learning,$38.29M,,,,,,
1995,Mighty Morphin Power Rangers: The Movie,$37.80M,,,,,,
1995,First Knight,$37.60M,,,,,,
1995,Just Cause,$36.85M,,,,,,
1995,|To Wong Foo Thanks for Everything, Julie Newmar|,$36.47M,,,,,
1995,The Indian in the Cupboard,$35.62M,,,,,,
1995,A Goofy Movie,$35.35M,,,,,,
1996,Independence Day,$306.17M,,,,,,
1996,Twister,$241.72M,,,,,,
1996,Mission: Impossible,$180.98M,,,,,,
1996,Jerry Maguire,$153.95M,,,,,,
1996,Ransom,$136.49M,,,,,,
1996,101 Dalmatians,$136.19M,,,,,,
1996,The Rock,$134.07M,,,,,,
1996,The Nutty Professor,$128.81M,,,,,,
1996,The Birdcage,$124.06M,,,,,,
1996,A Time to Kill,$108.77M,,,,,,
1996,The First Wives Club,$105.49M,,,,,,
1996,Phenomenon,$104.64M,,,,,,
1996,Scream,$103.05M,,,,,,
1996,Eraser,$101.30M,,,,,,
1996,The Hunchback of Notre Dame,$100.14M,,,,,,
1996,Michael,$95.32M,,,,,,
1996,Star Trek: First Contact,$92.00M,,,,,,
1996,Space Jam,$90.46M,,,,,,
1996,The English Patient,$78.65M,,,,,,
1996,Broken Arrow,$70.77M,,,,,,
1996,Beavis and Butt-Head Do America,$63.07M,,,,,,
1996,Jingle All the Way,$60.57M,,,,,,
1996,The Cable Guy,$60.24M,,,,,,
1996,Courage Under Fire,$59.03M,,,,,,
1996,Jack,$58.62M,,,,,,
1996,Executive Decision,$56.57M,,,,,,
1996,Primal Fear,$56.12M,,,,,,
1996,Tin Cup,$53.85M,,,,,,
1996,DragonHeart,$51.37M,,,,,,
1996,Up Close & Personal,$51.09M,,,,,,
1996,Evita,$50.05M,,,,,,
1996,Homeward Bound II: Lost in San Francisco,$49.14M,,,,,,
1996,Sleepers,$49.10M,,,,,,
1996,The Preacher's Wife,$48.10M,,,,,,
1996,Romeo + Juliet,$46.35M,,,,,,
1996,One Fine Day,$46.15M,,,,,,
1996,The Mirror Has Two Faces,$41.25M,,,,,,
1996,Happy Gilmore,$38.62M,,,,,,
1996,The Ghost and the Darkness,$38.62M,,,,,,
1996,Mars Attacks!,$37.77M,,,,,,
1996,Set It Off,$36.05M,,,,,,
1996,Shine,$35.81M,,,,,,
1996,A Thin Line Between Love and Hate,$34.75M,,,,,,
1996,The Truth About Cats & Dogs,$34.07M,,,,,,
1996,Muppet Treasure Island,$33.61M,,,,,,
1996,The Long Kiss Goodnight,$33.33M,,,,,,
1996,Striptease,$33.11M,,,,,,
1996,Matilda,$33.08M,,,,,,
1996,Daylight,$33.02M,,,,,,
1996,Black Sheep,$32.38M,,,,,,
1995,Toy Story,$191.80M,,,,,,
1995,Batman Forever,$184.03M,,,,,,
1995,Apollo 13,$173.84M,,,,,,
1995,Pocahontas,$141.60M,,,,,,
1995,Ace Ventura: When Nature Calls,$108.39M,,,,,,
1995,GoldenEye,$106.60M,,,,,,
1995,Jumanji,$100.48M,,,,,,
1995,Casper,$100.33M,,,,,,
1995,Se7en,$100.13M,,,,,,
1995,Die Hard with a Vengeance,$100.01M,,,,,,
1995,Crimson Tide,$91.40M,,,,,,
1995,Waterworld,$88.25M,,,,,,
1995,Dangerous Minds,$84.92M,,,,,,
1995,Mr. Holland's Opus,$82.57M,,,,,,
1995,While You Were Sleeping,$81.06M,,,,,,
1995,Congo,$81.02M,,,,,,
1995,Father of the Bride Part II,$76.59M,,,,,,
1995,Braveheart,$75.60M,,,,,,
1995,Get Shorty,$72.08M,,,,,,
1995,The Bridges of Madison County,$71.52M,,,,,,
1995,Mortal Kombat,$70.45M,,,,,,
1995,Grumpier Old Men,$69.87M,,,,,,
1995,Nine Months,$69.70M,,,,,,
1995,Outbreak,$67.82M,,,,,,
1995,Heat,$67.44M,,,,,,
1995,Waiting to Exhale,$67.05M,,,,,,
1995,Babe,$66.60M,,,,,,
1995,Bad Boys,$65.81M,,,,,,
1995,The American President,$65.00M,,,,,,
1995,Species,$60.07M,,,,,,
1995,Twelve Monkeys,$57.14M,,,,,,
1995,Clueless,$56.63M,,,,,,
1995,Sabrina,$53.67M,,,,,,
1995,Something to Talk About,$50.89M,,,,,,
1995,The Net,$50.73M,,,,,,
1995,Under Siege 2: Dark Territory,$50.02M,,,,,,
1995,A Walk in the Clouds,$50.01M,,,,,,
1995,The Brady Bunch Movie,$46.58M,,,,,,
1995,Sense and Sensibility,$43.18M,,,,,,
1995,Casino,$42.44M,,,,,,
1995,Man of the House,$40.07M,,,,,,
1995,Dead Man Walking,$39.39M,,,,,,
1995,French Kiss,$38.90M,,,,,,
1995,Higher Learning,$38.29M,,,,,,
1995,Mighty Morphin Power Rangers: The Movie,$37.80M,,,,,,
1995,First Knight,$37.60M,,,,,,
1995,Just Cause,$36.85M,,,,,,
1995,|To Wong Foo Thanks for Everything, Julie Newmar|,$36.47M,,,,,
1995,The Indian in the Cupboard,$35.62M,,,,,,
1995,A Goofy Movie,$35.35M,,,,,,
1996,Independence Day,$306.17M,,,,,,
1996,Twister,$241.72M,,,,,,
1996,Mission: Impossible,$180.98M,,,,,,
1996,Jerry Maguire,$153.95M,,,,,,
1996,Ransom,$136.49M,,,,,,
1996,101 Dalmatians,$136.19M,,,,,,
1996,The Rock,$134.07M,,,,,,
1996,The Nutty Professor,$128.81M,,,,,,
1996,The Birdcage,$124.06M,,,,,,
1996,A Time to Kill,$108.77M,,,,,,
1996,The First Wives Club,$105.49M,,,,,,
1996,Phenomenon,$104.64M,,,,,,
1996,Scream,$103.05M,,,,,,
1996,Eraser,$101.30M,,,,,,
1996,The Hunchback of Notre Dame,$100.14M,,,,,,
1996,Michael,$95.32M,,,,,,
1996,Star Trek: First Contact,$92.00M,,,,,,
1996,Space Jam,$90.46M,,,,,,
1996,The English Patient,$78.65M,,,,,,
1996,Broken Arrow,$70.77M,,,,,,
1996,Beavis and Butt-Head Do America,$63.07M,,,,,,
1996,Jingle All the Way,$60.57M,,,,,,
1996,The Cable Guy,$60.24M,,,,,,
1996,Courage Under Fire,$59.03M,,,,,,
1996,Jack,$58.62M,,,,,,
1996,Executive Decision,$56.57M,,,,,,
1996,Primal Fear,$56.12M,,,,,,
1996,Tin Cup,$53.85M,,,,,,
1996,DragonHeart,$51.37M,,,,,,
1996,Up Close & Personal,$51.09M,,,,,,
1996,Evita,$50.05M,,,,,,
1996,Homeward Bound II: Lost in San Francisco,$49.14M,,,,,,
1996,Sleepers,$49.10M,,,,,,
1996,The Preacher's Wife,$48.10M,,,,,,
1996,Romeo + Juliet,$46.35M,,,,,,
1996,One Fine Day,$46.15M,,,,,,
1996,The Mirror Has Two Faces,$41.25M,,,,,,
1996,Happy Gilmore,$38.62M,,,,,,
1996,The Ghost and the Darkness,$38.62M,,,,,,
1996,Mars Attacks!,$37.77M,,,,,,
1996,Set It Off,$36.05M,,,,,,
1996,Shine,$35.81M,,,,,,
1996,A Thin Line Between Love and Hate,$34.75M,,,,,,
1996,The Truth About Cats & Dogs,$34.07M,,,,,,
1996,Muppet Treasure Island,$33.61M,,,,,,
1996,The Long Kiss Goodnight,$33.33M,,,,,,
1996,Striptease,$33.11M,,,,,,
1996,Matilda,$33.08M,,,,,,
1996,Daylight,$33.02M,,,,,,
1996,Black Sheep,$32.38M,,,,,,
1997,Titanic,$658.67M,,,,,,
1997,Men in Black,$250.69M,,,,,,
1997,The Lost World: Jurassic Park,$229.09M,,,,,,
1997,Liar Liar,$181.41M,,,,,,
1997,Air Force One,$172.96M,,,,,,
1997,As Good as It Gets,$148.48M,,,,,,
1997,Good Will Hunting,$138.43M,,,,,,
1997,My Best Friend's Wedding,$127.12M,,,,,,
1997,Tomorrow Never Dies,$125.33M,,,,,,
1997,Face/Off,$112.23M,,,,,,
1997,Batman & Robin,$107.33M,,,,,,
1997,George of the Jungle,$105.26M,,,,,,
1997,Scream 2,$101.36M,,,,,,
1997,Con Air,$101.12M,,,,,,
1997,Contact,$100.92M,,,,,,
1997,Hercules,$99.05M,,,,,,
1997,Flubber,$92.98M,,,,,,
1997,Conspiracy Theory,$75.98M,,,,,,
1997,I Know What You Did Last Summer,$72.59M,,,,,,
1997,Dante's Peak,$67.13M,,,,,,
1997,Anaconda,$65.89M,,,,,,
1997,L.A. Confidential,$64.62M,,,,,,
1997,In & Out,$63.86M,,,,,,
1997,The Fifth Element,$63.54M,,,,,,
1997,Mousehunt,$61.92M,,,,,,
1997,The Saint,$61.36M,,,,,,
1997,The Devil's Advocate,$60.98M,,,,,,
1997,Kiss the Girls,$60.53M,,,,,,
1997,Jungle 2 Jungle,$59.93M,,,,,,
1997,Anastasia,$58.41M,,,,,,
1997,Life Is Beautiful,$57.60M,,,,,,
1997,Spawn,$54.97M,,,,,,
1997,The Jackal,$54.93M,,,,,,
1997,Starship Troopers,$54.81M,,,,,,
1997,Austin Powers: International Man of Mystery,$53.88M,,,,,,
1997,Breakdown,$50.13M,,,,,,
1997,Absolute Power,$50.01M,,,,,,
1997,Volcano,$49.32M,,,,,,
1997,Speed 2: Cruise Control,$48.61M,,,,,,
1997,The Game,$48.32M,,,,,,
1997,G.I. Jane,$48.17M,,,,,,
1997,Alien: Resurrection,$47.75M,,,,,,
1997,The Full Monty,$45.95M,,,,,,
1997,The Rainmaker,$45.86M,,,,,,
1997,Bean,$45.32M,,,,,,
1997,Cop Land,$44.89M,,,,,,
1997,Nothing to Lose,$44.46M,,,,,,
1997,Amistad,$44.18M,,,,,,
1997,Soul Food,$43.49M,,,,,,
1997,Wag the Dog,$43.02M,,,,,,
1995,Toy Story,$191.80M,,,,,,
1995,Batman Forever,$184.03M,,,,,,
1995,Apollo 13,$173.84M,,,,,,
1995,Pocahontas,$141.60M,,,,,,
1995,Ace Ventura: When Nature Calls,$108.39M,,,,,,
1995,GoldenEye,$106.60M,,,,,,
1995,Jumanji,$100.48M,,,,,,
1995,Casper,$100.33M,,,,,,
1995,Se7en,$100.13M,,,,,,
1995,Die Hard with a Vengeance,$100.01M,,,,,,
1995,Crimson Tide,$91.40M,,,,,,
1995,Waterworld,$88.25M,,,,,,
1995,Dangerous Minds,$84.92M,,,,,,
1995,Mr. Holland's Opus,$82.57M,,,,,,
1995,While You Were Sleeping,$81.06M,,,,,,
1995,Congo,$81.02M,,,,,,
1995,Father of the Bride Part II,$76.59M,,,,,,
1995,Braveheart,$75.60M,,,,,,
1995,Get Shorty,$72.08M,,,,,,
1995,The Bridges of Madison County,$71.52M,,,,,,
1995,Mortal Kombat,$70.45M,,,,,,
1995,Grumpier Old Men,$69.87M,,,,,,
1995,Nine Months,$69.70M,,,,,,
1995,Outbreak,$67.82M,,,,,,
1995,Heat,$67.44M,,,,,,
1995,Waiting to Exhale,$67.05M,,,,,,
1995,Babe,$66.60M,,,,,,
1995,Bad Boys,$65.81M,,,,,,
1995,The American President,$65.00M,,,,,,
1995,Species,$60.07M,,,,,,
1995,Twelve Monkeys,$57.14M,,,,,,
1995,Clueless,$56.63M,,,,,,
1995,Sabrina,$53.67M,,,,,,
1995,Something to Talk About,$50.89M,,,,,,
1995,The Net,$50.73M,,,,,,
1995,Under Siege 2: Dark Territory,$50.02M,,,,,,
1995,A Walk in the Clouds,$50.01M,,,,,,
1995,The Brady Bunch Movie,$46.58M,,,,,,
1995,Sense and Sensibility,$43.18M,,,,,,
1995,Casino,$42.44M,,,,,,
1995,Man of the House,$40.07M,,,,,,
1995,Dead Man Walking,$39.39M,,,,,,
1995,French Kiss,$38.90M,,,,,,
1995,Higher Learning,$38.29M,,,,,,
1995,Mighty Morphin Power Rangers: The Movie,$37.80M,,,,,,
1995,First Knight,$37.60M,,,,,,
1995,Just Cause,$36.85M,,,,,,
1995,|To Wong Foo Thanks for Everything, Julie Newmar|,$36.47M,,,,,
1995,The Indian in the Cupboard,$35.62M,,,,,,
1995,A Goofy Movie,$35.35M,,,,,,
1996,Independence Day,$306.17M,,,,,,
1996,Twister,$241.72M,,,,,,
1996,Mission: Impossible,$180.98M,,,,,,
1996,Jerry Maguire,$153.95M,,,,,,
1996,Ransom,$136.49M,,,,,,
1996,101 Dalmatians,$136.19M,,,,,,
1996,The Rock,$134.07M,,,,,,
1996,The Nutty Professor,$128.81M,,,,,,
1996,The Birdcage,$124.06M,,,,,,
1996,A Time to Kill,$108.77M,,,,,,
1996,The First Wives Club,$105.49M,,,,,,
1996,Phenomenon,$104.64M,,,,,,
1996,Scream,$103.05M,,,,,,
1996,Eraser,$101.30M,,,,,,
1996,The Hunchback of Notre Dame,$100.14M,,,,,,
1996,Michael,$95.32M,,,,,,
1996,Star Trek: First Contact,$92.00M,,,,,,
1996,Space Jam,$90.46M,,,,,,
1996,The English Patient,$78.65M,,,,,,
1996,Broken Arrow,$70.77M,,,,,,
1996,Beavis and Butt-Head Do America,$63.07M,,,,,,
1996,Jingle All the Way,$60.57M,,,,,,
1996,The Cable Guy,$60.24M,,,,,,
1996,Courage Under Fire,$59.03M,,,,,,
1996,Jack,$58.62M,,,,,,
1996,Executive Decision,$56.57M,,,,,,
1996,Primal Fear,$56.12M,,,,,,
1996,Tin Cup,$53.85M,,,,,,
1996,DragonHeart,$51.37M,,,,,,
1996,Up Close & Personal,$51.09M,,,,,,
1996,Evita,$50.05M,,,,,,
1996,Homeward Bound II: Lost in San Francisco,$49.14M,,,,,,
1996,Sleepers,$49.10M,,,,,,
1996,The Preacher's Wife,$48.10M,,,,,,
1996,Romeo + Juliet,$46.35M,,,,,,
1996,One Fine Day,$46.15M,,,,,,
1996,The Mirror Has Two Faces,$41.25M,,,,,,
1996,Happy Gilmore,$38.62M,,,,,,
1996,The Ghost and the Darkness,$38.62M,,,,,,
1996,Mars Attacks!,$37.77M,,,,,,
1996,Set It Off,$36.05M,,,,,,
1996,Shine,$35.81M,,,,,,
1996,A Thin Line Between Love and Hate,$34.75M,,,,,,
1996,The Truth About Cats & Dogs,$34.07M,,,,,,
1996,Muppet Treasure Island,$33.61M,,,,,,
1996,The Long Kiss Goodnight,$33.33M,,,,,,
1996,Striptease,$33.11M,,,,,,
1996,Matilda,$33.08M,,,,,,
1996,Daylight,$33.02M,,,,,,
1996,Black Sheep,$32.38M,,,,,,
1997,Titanic,$658.67M,,,,,,
1997,Men in Black,$250.69M,,,,,,
1997,The Lost World: Jurassic Park,$229.09M,,,,,,
1997,Liar Liar,$181.41M,,,,,,
1997,Air Force One,$172.96M,,,,,,
1997,As Good as It Gets,$148.48M,,,,,,
1997,Good Will Hunting,$138.43M,,,,,,
1997,My Best Friend's Wedding,$127.12M,,,,,,
1997,Tomorrow Never Dies,$125.33M,,,,,,
1997,Face/Off,$112.23M,,,,,,
1997,Batman & Robin,$107.33M,,,,,,
1997,George of the Jungle,$105.26M,,,,,,
1997,Scream 2,$101.36M,,,,,,
1997,Con Air,$101.12M,,,,,,
1997,Contact,$100.92M,,,,,,
1997,Hercules,$99.05M,,,,,,
1997,Flubber,$92.98M,,,,,,
1997,Conspiracy Theory,$75.98M,,,,,,
1997,I Know What You Did Last Summer,$72.59M,,,,,,
1997,Dante's Peak,$67.13M,,,,,,
1997,Anaconda,$65.89M,,,,,,
1997,L.A. Confidential,$64.62M,,,,,,
1997,In & Out,$63.86M,,,,,,
1997,The Fifth Element,$63.54M,,,,,,
1997,Mousehunt,$61.92M,,,,,,
1997,The Saint,$61.36M,,,,,,
1997,The Devil's Advocate,$60.98M,,,,,,
1997,Kiss the Girls,$60.53M,,,,,,
1997,Jungle 2 Jungle,$59.93M,,,,,,
1997,Anastasia,$58.41M,,,,,,
1997,Life Is Beautiful,$57.60M,,,,,,
1997,Spawn,$54.97M,,,,,,
1997,The Jackal,$54.93M,,,,,,
1997,Starship Troopers,$54.81M,,,,,,
1997,Austin Powers: International Man of Mystery,$53.88M,,,,,,
1997,Breakdown,$50.13M,,,,,,
1997,Absolute Power,$50.01M,,,,,,
1997,Volcano,$49.32M,,,,,,
1997,Speed 2: Cruise Control,$48.61M,,,,,,
1997,The Game,$48.32M,,,,,,
1997,G.I. Jane,$48.17M,,,,,,
1997,Alien: Resurrection,$47.75M,,,,,,
1997,The Full Monty,$45.95M,,,,,,
1997,The Rainmaker,$45.86M,,,,,,
1997,Bean,$45.32M,,,,,,
1997,Cop Land,$44.89M,,,,,,
1997,Nothing to Lose,$44.46M,,,,,,
1997,Amistad,$44.18M,,,,,,
1997,Soul Food,$43.49M,,,,,,
1997,Wag the Dog,$43.02M,,,,,,
1998,Saving Private Ryan,$216.54M,,,,,,
1998,Armageddon,$201.57M,,,,,,
1998,There's Something About Mary,$176.48M,,,,,,
1998,A Bug's Life,$162.80M,,,,,,
1998,The Waterboy,$161.49M,,,,,,
1998,Doctor Dolittle,$144.16M,,,,,,
1998,Rush Hour,$141.15M,,,,,,
1998,Deep Impact,$140.46M,,,,,,
1998,Godzilla,$136.31M,,,,,,
1998,Patch Adams,$135.03M,,,,,,
1998,Lethal Weapon 4,$130.44M,,,,,,
1998,The Truman Show,$125.62M,,,,,,
1998,Mulan,$120.62M,,,,,,
1998,You've Got Mail,$115.82M,,,,,,
1998,Enemy of the State,$111.55M,,,,,,
1998,The Prince of Egypt,$101.22M,,,,,,
1998,The Rugrats Movie,$100.49M,,,,,,
1998,Shakespeare in Love,$100.32M,,,,,,
1998,The Mask of Zorro,$94.10M,,,,,,
1998,Stepmom,$91.14M,,,,,,
1998,Antz,$90.76M,,,,,,
1998,Pokémon: The First Movie - Mewtwo Strikes Back,$85.74M,,,,,,
1998,The X Files,$83.90M,,,,,,
1998,The Wedding Singer,$80.25M,,,,,,
1998,City of Angels,$78.69M,,,,,,
1998,The Horse Whisperer,$75.38M,,,,,,
1998,Six Days Seven Nights,$74.33M,,,,,,
1998,Star Trek: Insurrection,$70.12M,,,,,,
1998,Blade,$70.09M,,,,,,
1998,Lost in Space,$69.12M,,,,,,
1998,A Perfect Murder,$67.64M,,,,,,
1998,The Parent Trap,$66.31M,,,,,,
1998,Ever After: A Cinderella Story,$65.71M,,,,,,
1998,Hope Floats,$60.05M,,,,,,
1998,U.S. Marshals,$57.17M,,,,,,
1998,The Man in the Iron Mask,$56.97M,,,,,,
1998,A Civil Action,$56.70M,,,,,,
1998,Snake Eyes,$55.59M,,,,,,
1998,What Dreams May Come,$55.49M,,,,,,
1998,Halloween H20: 20 Years Later,$55.04M,,,,,,
1998,Small Soldiers,$54.68M,,,,,,
1998,T-Rex: Back to the Cretaceous,$53.35M,,,,,,
1998,Mighty Joe Young,$50.63M,,,,,,
1998,Practical Magic,$46.68M,,,,,,
1998,Meet Joe Black,$44.62M,,,,,,
1998,The Negotiator,$44.48M,,,,,,
1998,Ronin,$41.62M,,,,,,
1998,The Siege,$40.98M,,,,,,
1998,Pleasantville,$40.57M,,,,,,
1998,The Faculty,$40.06M,,,,,,
1995,Toy Story,$191.80M,,,,,,
1995,Batman Forever,$184.03M,,,,,,
1995,Apollo 13,$173.84M,,,,,,
1995,Pocahontas,$141.60M,,,,,,
1995,Ace Ventura: When Nature Calls,$108.39M,,,,,,
1995,GoldenEye,$106.60M,,,,,,
1995,Jumanji,$100.48M,,,,,,
1995,Casper,$100.33M,,,,,,
1995,Se7en,$100.13M,,,,,,
1995,Die Hard with a Vengeance,$100.01M,,,,,,
1995,Crimson Tide,$91.40M,,,,,,
1995,Waterworld,$88.25M,,,,,,
1995,Dangerous Minds,$84.92M,,,,,,
1995,Mr. Holland's Opus,$82.57M,,,,,,
1995,While You Were Sleeping,$81.06M,,,,,,
1995,Congo,$81.02M,,,,,,
1995,Father of the Bride Part II,$76.59M,,,,,,
1995,Braveheart,$75.60M,,,,,,
1995,Get Shorty,$72.08M,,,,,,
1995,The Bridges of Madison County,$71.52M,,,,,,
1995,Mortal Kombat,$70.45M,,,,,,
1995,Grumpier Old Men,$69.87M,,,,,,
1995,Nine Months,$69.70M,,,,,,
1995,Outbreak,$67.82M,,,,,,
1995,Heat,$67.44M,,,,,,
1995,Waiting to Exhale,$67.05M,,,,,,
1995,Babe,$66.60M,,,,,,
1995,Bad Boys,$65.81M,,,,,,
1995,The American President,$65.00M,,,,,,
1995,Species,$60.07M,,,,,,
1995,Twelve Monkeys,$57.14M,,,,,,
1995,Clueless,$56.63M,,,,,,
1995,Sabrina,$53.67M,,,,,,
1995,Something to Talk About,$50.89M,,,,,,
1995,The Net,$50.73M,,,,,,
1995,Under Siege 2: Dark Territory,$50.02M,,,,,,
1995,A Walk in the Clouds,$50.01M,,,,,,
1995,The Brady Bunch Movie,$46.58M,,,,,,
1995,Sense and Sensibility,$43.18M,,,,,,
1995,Casino,$42.44M,,,,,,
1995,Man of the House,$40.07M,,,,,,
1995,Dead Man Walking,$39.39M,,,,,,
1995,French Kiss,$38.90M,,,,,,
1995,Higher Learning,$38.29M,,,,,,
1995,Mighty Morphin Power Rangers: The Movie,$37.80M,,,,,,
1995,First Knight,$37.60M,,,,,,
1995,Just Cause,$36.85M,,,,,,
1995,|To Wong Foo Thanks for Everything, Julie Newmar|,$36.47M,,,,,
1995,The Indian in the Cupboard,$35.62M,,,,,,
1995,A Goofy Movie,$35.35M,,,,,,
1996,Independence Day,$306.17M,,,,,,
1996,Twister,$241.72M,,,,,,
1996,Mission: Impossible,$180.98M,,,,,,
1996,Jerry Maguire,$153.95M,,,,,,
1996,Ransom,$136.49M,,,,,,
1996,101 Dalmatians,$136.19M,,,,,,
1996,The Rock,$134.07M,,,,,,
1996,The Nutty Professor,$128.81M,,,,,,
1996,The Birdcage,$124.06M,,,,,,
1996,A Time to Kill,$108.77M,,,,,,
1996,The First Wives Club,$105.49M,,,,,,
1996,Phenomenon,$104.64M,,,,,,
1996,Scream,$103.05M,,,,,,
1996,Eraser,$101.30M,,,,,,
1996,The Hunchback of Notre Dame,$100.14M,,,,,,
1996,Michael,$95.32M,,,,,,
1996,Star Trek: First Contact,$92.00M,,,,,,
1996,Space Jam,$90.46M,,,,,,
1996,The English Patient,$78.65M,,,,,,
1996,Broken Arrow,$70.77M,,,,,,
1996,Beavis and Butt-Head Do America,$63.07M,,,,,,
1996,Jingle All the Way,$60.57M,,,,,,
1996,The Cable Guy,$60.24M,,,,,,
1996,Courage Under Fire,$59.03M,,,,,,
1996,Jack,$58.62M,,,,,,
1996,Executive Decision,$56.57M,,,,,,
1996,Primal Fear,$56.12M,,,,,,
1996,Tin Cup,$53.85M,,,,,,
1996,DragonHeart,$51.37M,,,,,,
1996,Up Close & Personal,$51.09M,,,,,,
1996,Evita,$50.05M,,,,,,
1996,Homeward Bound II: Lost in San Francisco,$49.14M,,,,,,
1996,Sleepers,$49.10M,,,,,,
1996,The Preacher's Wife,$48.10M,,,,,,
1996,Romeo + Juliet,$46.35M,,,,,,
1996,One Fine Day,$46.15M,,,,,,
1996,The Mirror Has Two Faces,$41.25M,,,,,,
1996,Happy Gilmore,$38.62M,,,,,,
1996,The Ghost and the Darkness,$38.62M,,,,,,
1996,Mars Attacks!,$37.77M,,,,,,
1996,Set It Off,$36.05M,,,,,,
1996,Shine,$35.81M,,,,,,
1996,A Thin Line Between Love and Hate,$34.75M,,,,,,
1996,The Truth About Cats & Dogs,$34.07M,,,,,,
1996,Muppet Treasure Island,$33.61M,,,,,,
1996,The Long Kiss Goodnight,$33.33M,,,,,,
1996,Striptease,$33.11M,,,,,,
1996,Matilda,$33.08M,,,,,,
1996,Daylight,$33.02M,,,,,,
1996,Black Sheep,$32.38M,,,,,,
1997,Titanic,$658.67M,,,,,,
1997,Men in Black,$250.69M,,,,,,
1997,The Lost World: Jurassic Park,$229.09M,,,,,,
1997,Liar Liar,$181.41M,,,,,,
1997,Air Force One,$172.96M,,,,,,
1997,As Good as It Gets,$148.48M,,,,,,
1997,Good Will Hunting,$138.43M,,,,,,
1997,My Best Friend's Wedding,$127.12M,,,,,,
1997,Tomorrow Never Dies,$125.33M,,,,,,
1997,Face/Off,$112.23M,,,,,,
1997,Batman & Robin,$107.33M,,,,,,
1997,George of the Jungle,$105.26M,,,,,,
1997,Scream 2,$101.36M,,,,,,
1997,Con Air,$101.12M,,,,,,
1997,Contact,$100.92M,,,,,,
1997,Hercules,$99.05M,,,,,,
1997,Flubber,$92.98M,,,,,,
1997,Conspiracy Theory,$75.98M,,,,,,
1997,I Know What You Did Last Summer,$72.59M,,,,,,
1997,Dante's Peak,$67.13M,,,,,,
1997,Anaconda,$65.89M,,,,,,
1997,L.A. Confidential,$64.62M,,,,,,
1997,In & Out,$63.86M,,,,,,
1997,The Fifth Element,$63.54M,,,,,,
1997,Mousehunt,$61.92M,,,,,,
1997,The Saint,$61.36M,,,,,,
1997,The Devil's Advocate,$60.98M,,,,,,
1997,Kiss the Girls,$60.53M,,,,,,
1997,Jungle 2 Jungle,$59.93M,,,,,,
1997,Anastasia,$58.41M,,,,,,
1997,Life Is Beautiful,$57.60M,,,,,,
1997,Spawn,$54.97M,,,,,,
1997,The Jackal,$54.93M,,,,,,
1997,Starship Troopers,$54.81M,,,,,,
1997,Austin Powers: International Man of Mystery,$53.88M,,,,,,
1997,Breakdown,$50.13M,,,,,,
1997,Absolute Power,$50.01M,,,,,,
1997,Volcano,$49.32M,,,,,,
1997,Speed 2: Cruise Control,$48.61M,,,,,,
1997,The Game,$48.32M,,,,,,
1997,G.I. Jane,$48.17M,,,,,,
1997,Alien: Resurrection,$47.75M,,,,,,
1997,The Full Monty,$45.95M,,,,,,
1997,The Rainmaker,$45.86M,,,,,,
1997,Bean,$45.32M,,,,,,
1997,Cop Land,$44.89M,,,,,,
1997,Nothing to Lose,$44.46M,,,,,,
1997,Amistad,$44.18M,,,,,,
1997,Soul Food,$43.49M,,,,,,
1997,Wag the Dog,$43.02M,,,,,,
1998,Saving Private Ryan,$216.54M,,,,,,
1998,Armageddon,$201.57M,,,,,,
1998,There's Something About Mary,$176.48M,,,,,,
1998,A Bug's Life,$162.80M,,,,,,
1998,The Waterboy,$161.49M,,,,,,
1998,Doctor Dolittle,$144.16M,,,,,,
1998,Rush Hour,$141.15M,,,,,,
1998,Deep Impact,$140.46M,,,,,,
1998,Godzilla,$136.31M,,,,,,
1998,Patch Adams,$135.03M,,,,,,
1998,Lethal Weapon 4,$130.44M,,,,,,
1998,The Truman Show,$125.62M,,,,,,
1998,Mulan,$120.62M,,,,,,
1998,You've Got Mail,$115.82M,,,,,,
1998,Enemy of the State,$111.55M,,,,,,
1998,The Prince of Egypt,$101.22M,,,,,,
1998,The Rugrats Movie,$100.49M,,,,,,
1998,Shakespeare in Love,$100.32M,,,,,,
1998,The Mask of Zorro,$94.10M,,,,,,
1998,Stepmom,$91.14M,,,,,,
1998,Antz,$90.76M,,,,,,
1998,Pokémon: The First Movie - Mewtwo Strikes Back,$85.74M,,,,,,
1998,The X Files,$83.90M,,,,,,
1998,The Wedding Singer,$80.25M,,,,,,
1998,City of Angels,$78.69M,,,,,,
1998,The Horse Whisperer,$75.38M,,,,,,
1998,Six Days Seven Nights,$74.33M,,,,,,
1998,Star Trek: Insurrection,$70.12M,,,,,,
1998,Blade,$70.09M,,,,,,
1998,Lost in Space,$69.12M,,,,,,
1998,A Perfect Murder,$67.64M,,,,,,
1998,The Parent Trap,$66.31M,,,,,,
1998,Ever After: A Cinderella Story,$65.71M,,,,,,
1998,Hope Floats,$60.05M,,,,,,
1998,U.S. Marshals,$57.17M,,,,,,
1998,The Man in the Iron Mask,$56.97M,,,,,,
1998,A Civil Action,$56.70M,,,,,,
1998,Snake Eyes,$55.59M,,,,,,
1998,What Dreams May Come,$55.49M,,,,,,
1998,Halloween H20: 20 Years Later,$55.04M,,,,,,
1998,Small Soldiers,$54.68M,,,,,,
1998,T-Rex: Back to the Cretaceous,$53.35M,,,,,,
1998,Mighty Joe Young,$50.63M,,,,,,
1998,Practical Magic,$46.68M,,,,,,
1998,Meet Joe Black,$44.62M,,,,,,
1998,The Negotiator,$44.48M,,,,,,
1998,Ronin,$41.62M,,,,,,
1998,The Siege,$40.98M,,,,,,
1998,Pleasantville,$40.57M,,,,,,
1998,The Faculty,$40.06M,,,,,,
1999,Star Wars: Episode I - The Phantom Menace,$474.54M,,,,,,
1999,The Sixth Sense,$293.51M,,,,,,
1999,Toy Story 2,$245.85M,,,,,,
1999,Austin Powers: The Spy Who Shagged Me,$206.04M,,,,,,
1999,The Matrix,$171.48M,,,,,,
1999,Tarzan,$171.09M,,,,,,
1999,Big Daddy,$163.48M,,,,,,
1999,The Mummy,$155.25M,,,,,,
1999,Runaway Bride,$152.26M,,,,,,
1999,The Blair Witch Project,$140.54M,,,,,,
1999,Stuart Little,$140.04M,,,,,,
1999,The Green Mile,$136.80M,,,,,,
1999,American Beauty,$130.10M,,,,,,
1999,The World Is Not Enough,$126.94M,,,,,,
1999,Double Jeopardy,$116.74M,,,,,,
1999,Notting Hill,$116.09M,,,,,,
1999,Wild Wild West,$113.81M,,,,,,
1999,Analyze This,$106.89M,,,,,,
1999,The General's Daughter,$102.71M,,,,,,
1999,American Pie,$102.56M,,,,,,
1999,Sleepy Hollow,$101.07M,,,,,,
1999,Inspector Gadget,$97.40M,,,,,,
1999,The Haunting,$91.41M,,,,,,
1999,Entrapment,$87.70M,,,,,,
1999,Payback,$81.53M,,,,,,
1999,The Talented Mr. Ripley,$81.30M,,,,,,
1999,Any Given Sunday,$75.53M,,,,,,
1999,Deep Blue Sea,$73.65M,,,,,,
1999,Galaxy Quest,$71.58M,,,,,,
1999,The Thomas Crown Affair,$69.30M,,,,,,
1999,Blue Streak,$68.52M,,,,,,
1999,End of Days,$66.89M,,,,,,
1999,The Bone Collector,$66.52M,,,,,,
1999,Bowfinger,$66.38M,,,,,,
1999,Deuce Bigalow: Male Gigolo,$65.54M,,,,,,
1999,Life,$63.84M,,,,,,
1999,She's All That,$63.37M,,,,,,
1999,Fantasia 2000,$60.66M,,,,,,
1999,Three Kings,$60.65M,,,,,,
1999,Bicentennial Man,$58.22M,,,,,,
1999,The Cider House Rules,$57.55M,,,,,,
1999,Eyes Wide Shut,$55.69M,,,,,,
1999,Never Been Kissed,$55.47M,,,,,,
1999,Forces of Nature,$52.89M,,,,,,
1999,Varsity Blues,$52.89M,,,,,,
1999,Message in a Bottle,$52.88M,,,,,,
1999,|South Park: Bigger, Longer & Uncut|,$52.01M,,,,,
1999,The Hurricane,$50.67M,,,,,,
1999,Stigmata,$50.05M,,,,,,
1999,Pokémon: The Movie 2000,$43.76M,,,,,,
1995,Toy Story,$191.80M,,,,,,
1995,Batman Forever,$184.03M,,,,,,
1995,Apollo 13,$173.84M,,,,,,
1995,Pocahontas,$141.60M,,,,,,
1995,Ace Ventura: When Nature Calls,$108.39M,,,,,,
1995,GoldenEye,$106.60M,,,,,,
1995,Jumanji,$100.48M,,,,,,
1995,Casper,$100.33M,,,,,,
1995,Se7en,$100.13M,,,,,,
1995,Die Hard with a Vengeance,$100.01M,,,,,,
1995,Crimson Tide,$91.40M,,,,,,
1995,Waterworld,$88.25M,,,,,,
1995,Dangerous Minds,$84.92M,,,,,,
1995,Mr. Holland's Opus,$82.57M,,,,,,
1995,While You Were Sleeping,$81.06M,,,,,,
1995,Congo,$81.02M,,,,,,
1995,Father of the Bride Part II,$76.59M,,,,,,
1995,Braveheart,$75.60M,,,,,,
1995,Get Shorty,$72.08M,,,,,,
1995,The Bridges of Madison County,$71.52M,,,,,,
1995,Mortal Kombat,$70.45M,,,,,,
1995,Grumpier Old Men,$69.87M,,,,,,
1995,Nine Months,$69.70M,,,,,,
1995,Outbreak,$67.82M,,,,,,
1995,Heat,$67.44M,,,,,,
1995,Waiting to Exhale,$67.05M,,,,,,
1995,Babe,$66.60M,,,,,,
1995,Bad Boys,$65.81M,,,,,,
1995,The American President,$65.00M,,,,,,
1995,Species,$60.07M,,,,,,
1995,Twelve Monkeys,$57.14M,,,,,,
1995,Clueless,$56.63M,,,,,,
1995,Sabrina,$53.67M,,,,,,
1995,Something to Talk About,$50.89M,,,,,,
1995,The Net,$50.73M,,,,,,
1995,Under Siege 2: Dark Territory,$50.02M,,,,,,
1995,A Walk in the Clouds,$50.01M,,,,,,
1995,The Brady Bunch Movie,$46.58M,,,,,,
1995,Sense and Sensibility,$43.18M,,,,,,
1995,Casino,$42.44M,,,,,,
1995,Man of the House,$40.07M,,,,,,
1995,Dead Man Walking,$39.39M,,,,,,
1995,French Kiss,$38.90M,,,,,,
1995,Higher Learning,$38.29M,,,,,,
1995,Mighty Morphin Power Rangers: The Movie,$37.80M,,,,,,
1995,First Knight,$37.60M,,,,,,
1995,Just Cause,$36.85M,,,,,,
1995,|To Wong Foo Thanks for Everything, Julie Newmar|,$36.47M,,,,,
1995,The Indian in the Cupboard,$35.62M,,,,,,
1995,A Goofy Movie,$35.35M,,,,,,
1996,Independence Day,$306.17M,,,,,,
1996,Twister,$241.72M,,,,,,
1996,Mission: Impossible,$180.98M,,,,,,
1996,Jerry Maguire,$153.95M,,,,,,
1996,Ransom,$136.49M,,,,,,
1996,101 Dalmatians,$136.19M,,,,,,
1996,The Rock,$134.07M,,,,,,
1996,The Nutty Professor,$128.81M,,,,,,
1996,The Birdcage,$124.06M,,,,,,
1996,A Time to Kill,$108.77M,,,,,,
1996,The First Wives Club,$105.49M,,,,,,
1996,Phenomenon,$104.64M,,,,,,
1996,Scream,$103.05M,,,,,,
1996,Eraser,$101.30M,,,,,,
1996,The Hunchback of Notre Dame,$100.14M,,,,,,
1996,Michael,$95.32M,,,,,,
1996,Star Trek: First Contact,$92.00M,,,,,,
1996,Space Jam,$90.46M,,,,,,
1996,The English Patient,$78.65M,,,,,,
1996,Broken Arrow,$70.77M,,,,,,
1996,Beavis and Butt-Head Do America,$63.07M,,,,,,
1996,Jingle All the Way,$60.57M,,,,,,
1996,The Cable Guy,$60.24M,,,,,,
1996,Courage Under Fire,$59.03M,,,,,,
1996,Jack,$58.62M,,,,,,
1996,Executive Decision,$56.57M,,,,,,
1996,Primal Fear,$56.12M,,,,,,
1996,Tin Cup,$53.85M,,,,,,
1996,DragonHeart,$51.37M,,,,,,
1996,Up Close & Personal,$51.09M,,,,,,
1996,Evita,$50.05M,,,,,,
1996,Homeward Bound II: Lost in San Francisco,$49.14M,,,,,,
1996,Sleepers,$49.10M,,,,,,
1996,The Preacher's Wife,$48.10M,,,,,,
1996,Romeo + Juliet,$46.35M,,,,,,
1996,One Fine Day,$46.15M,,,,,,
1996,The Mirror Has Two Faces,$41.25M,,,,,,
1996,Happy Gilmore,$38.62M,,,,,,
1996,The Ghost and the Darkness,$38.62M,,,,,,
1996,Mars Attacks!,$37.77M,,,,,,
1996,Set It Off,$36.05M,,,,,,
1996,Shine,$35.81M,,,,,,
1996,A Thin Line Between Love and Hate,$34.75M,,,,,,
1996,The Truth About Cats & Dogs,$34.07M,,,,,,
1996,Muppet Treasure Island,$33.61M,,,,,,
1996,The Long Kiss Goodnight,$33.33M,,,,,,
1996,Striptease,$33.11M,,,,,,
1996,Matilda,$33.08M,,,,,,
1996,Daylight,$33.02M,,,,,,
1996,Black Sheep,$32.38M,,,,,,
1997,Titanic,$658.67M,,,,,,
1997,Men in Black,$250.69M,,,,,,
1997,The Lost World: Jurassic Park,$229.09M,,,,,,
1997,Liar Liar,$181.41M,,,,,,
1997,Air Force One,$172.96M,,,,,,
1997,As Good as It Gets,$148.48M,,,,,,
1997,Good Will Hunting,$138.43M,,,,,,
1997,My Best Friend's Wedding,$127.12M,,,,,,
1997,Tomorrow Never Dies,$125.33M,,,,,,
1997,Face/Off,$112.23M,,,,,,
1997,Batman & Robin,$107.33M,,,,,,
1997,George of the Jungle,$105.26M,,,,,,
1997,Scream 2,$101.36M,,,,,,
1997,Con Air,$101.12M,,,,,,
1997,Contact,$100.92M,,,,,,
1997,Hercules,$99.05M,,,,,,
1997,Flubber,$92.98M,,,,,,
1997,Conspiracy Theory,$75.98M,,,,,,
1997,I Know What You Did Last Summer,$72.59M,,,,,,
1997,Dante's Peak,$67.13M,,,,,,
1997,Anaconda,$65.89M,,,,,,
1997,L.A. Confidential,$64.62M,,,,,,
1997,In & Out,$63.86M,,,,,,
1997,The Fifth Element,$63.54M,,,,,,
1997,Mousehunt,$61.92M,,,,,,
1997,The Saint,$61.36M,,,,,,
1997,The Devil's Advocate,$60.98M,,,,,,
1997,Kiss the Girls,$60.53M,,,,,,
1997,Jungle 2 Jungle,$59.93M,,,,,,
1997,Anastasia,$58.41M,,,,,,
1997,Life Is Beautiful,$57.60M,,,,,,
1997,Spawn,$54.97M,,,,,,
1997,The Jackal,$54.93M,,,,,,
1997,Starship Troopers,$54.81M,,,,,,
1997,Austin Powers: International Man of Mystery,$53.88M,,,,,,
1997,Breakdown,$50.13M,,,,,,
1997,Absolute Power,$50.01M,,,,,,
1997,Volcano,$49.32M,,,,,,
1997,Speed 2: Cruise Control,$48.61M,,,,,,
1997,The Game,$48.32M,,,,,,
1997,G.I. Jane,$48.17M,,,,,,
1997,Alien: Resurrection,$47.75M,,,,,,
1997,The Full Monty,$45.95M,,,,,,
1997,The Rainmaker,$45.86M,,,,,,
1997,Bean,$45.32M,,,,,,
1997,Cop Land,$44.89M,,,,,,
1997,Nothing to Lose,$44.46M,,,,,,
1997,Amistad,$44.18M,,,,,,
1997,Soul Food,$43.49M,,,,,,
1997,Wag the Dog,$43.02M,,,,,,
1998,Saving Private Ryan,$216.54M,,,,,,
1998,Armageddon,$201.57M,,,,,,
1998,There's Something About Mary,$176.48M,,,,,,
1998,A Bug's Life,$162.80M,,,,,,
1998,The Waterboy,$161.49M,,,,,,
1998,Doctor Dolittle,$144.16M,,,,,,
1998,Rush Hour,$141.15M,,,,,,
1998,Deep Impact,$140.46M,,,,,,
1998,Godzilla,$136.31M,,,,,,
1998,Patch Adams,$135.03M,,,,,,
1998,Lethal Weapon 4,$130.44M,,,,,,
1998,The Truman Show,$125.62M,,,,,,
1998,Mulan,$120.62M,,,,,,
1998,You've Got Mail,$115.82M,,,,,,
1998,Enemy of the State,$111.55M,,,,,,
1998,The Prince of Egypt,$101.22M,,,,,,
1998,The Rugrats Movie,$100.49M,,,,,,
1998,Shakespeare in Love,$100.32M,,,,,,
1998,The Mask of Zorro,$94.10M,,,,,,
1998,Stepmom,$91.14M,,,,,,
1998,Antz,$90.76M,,,,,,
1998,Pokémon: The First Movie - Mewtwo Strikes Back,$85.74M,,,,,,
1998,The X Files,$83.90M,,,,,,
1998,The Wedding Singer,$80.25M,,,,,,
1998,City of Angels,$78.69M,,,,,,
1998,The Horse Whisperer,$75.38M,,,,,,
1998,Six Days Seven Nights,$74.33M,,,,,,
1998,Star Trek: Insurrection,$70.12M,,,,,,
1998,Blade,$70.09M,,,,,,
1998,Lost in Space,$69.12M,,,,,,
1998,A Perfect Murder,$67.64M,,,,,,
1998,The Parent Trap,$66.31M,,,,,,
1998,Ever After: A Cinderella Story,$65.71M,,,,,,
1998,Hope Floats,$60.05M,,,,,,
1998,U.S. Marshals,$57.17M,,,,,,
1998,The Man in the Iron Mask,$56.97M,,,,,,
1998,A Civil Action,$56.70M,,,,,,
1998,Snake Eyes,$55.59M,,,,,,
1998,What Dreams May Come,$55.49M,,,,,,
1998,Halloween H20: 20 Years Later,$55.04M,,,,,,
1998,Small Soldiers,$54.68M,,,,,,
1998,T-Rex: Back to the Cretaceous,$53.35M,,,,,,
1998,Mighty Joe Young,$50.63M,,,,,,
1998,Practical Magic,$46.68M,,,,,,
1998,Meet Joe Black,$44.62M,,,,,,
1998,The Negotiator,$44.48M,,,,,,
1998,Ronin,$41.62M,,,,,,
1998,The Siege,$40.98M,,,,,,
1998,Pleasantville,$40.57M,,,,,,
1998,The Faculty,$40.06M,,,,,,
1999,Star Wars: Episode I - The Phantom Menace,$474.54M,,,,,,
1999,The Sixth Sense,$293.51M,,,,,,
1999,Toy Story 2,$245.85M,,,,,,
1999,Austin Powers: The Spy Who Shagged Me,$206.04M,,,,,,
1999,The Matrix,$171.48M,,,,,,
1999,Tarzan,$171.09M,,,,,,
1999,Big Daddy,$163.48M,,,,,,
1999,The Mummy,$155.25M,,,,,,
1999,Runaway Bride,$152.26M,,,,,,
1999,The Blair Witch Project,$140.54M,,,,,,
1999,Stuart Little,$140.04M,,,,,,
1999,The Green Mile,$136.80M,,,,,,
1999,American Beauty,$130.10M,,,,,,
1999,The World Is Not Enough,$126.94M,,,,,,
1999,Double Jeopardy,$116.74M,,,,,,
1999,Notting Hill,$116.09M,,,,,,
1999,Wild Wild West,$113.81M,,,,,,
1999,Analyze This,$106.89M,,,,,,
1999,The General's Daughter,$102.71M,,,,,,
1999,American Pie,$102.56M,,,,,,
1999,Sleepy Hollow,$101.07M,,,,,,
1999,Inspector Gadget,$97.40M,,,,,,
1999,The Haunting,$91.41M,,,,,,
1999,Entrapment,$87.70M,,,,,,
1999,Payback,$81.53M,,,,,,
1999,The Talented Mr. Ripley,$81.30M,,,,,,
1999,Any Given Sunday,$75.53M,,,,,,
1999,Deep Blue Sea,$73.65M,,,,,,
1999,Galaxy Quest,$71.58M,,,,,,
1999,The Thomas Crown Affair,$69.30M,,,,,,
1999,Blue Streak,$68.52M,,,,,,
1999,End of Days,$66.89M,,,,,,
1999,The Bone Collector,$66.52M,,,,,,
1999,Bowfinger,$66.38M,,,,,,
1999,Deuce Bigalow: Male Gigolo,$65.54M,,,,,,
1999,Life,$63.84M,,,,,,
1999,She's All That,$63.37M,,,,,,
1999,Fantasia 2000,$60.66M,,,,,,
1999,Three Kings,$60.65M,,,,,,
1999,Bicentennial Man,$58.22M,,,,,,
1999,The Cider House Rules,$57.55M,,,,,,
1999,Eyes Wide Shut,$55.69M,,,,,,
1999,Never Been Kissed,$55.47M,,,,,,
1999,Forces of Nature,$52.89M,,,,,,
1999,Varsity Blues,$52.89M,,,,,,
1999,Message in a Bottle,$52.88M,,,,,,
1999,|South Park: Bigger, Longer & Uncut|,$52.01M,,,,,
1999,The Hurricane,$50.67M,,,,,,
1999,Stigmata,$50.05M,,,,,,
1999,Pokémon: The Movie 2000,$43.76M,,,,,,
2000,How the Grinch Stole Christmas,$260.04M,,,,,,
2000,Cast Away,$233.63M,,,,,,
2000,Mission: Impossible II,$215.41M,,,,,,
2000,Gladiator,$187.71M,,,,,,
2000,What Women Want,$182.81M,,,,,,
2000,The Perfect Storm,$182.62M,,,,,,
2000,Meet the Parents,$166.24M,,,,,,
2000,X-Men,$157.30M,,,,,,
2000,Scary Movie,$157.02M,,,,,,
2000,What Lies Beneath,$155.46M,,,,,,
2000,Dinosaur,$137.75M,,,,,,
2000,|Crouching Tiger, Hidden Dragon|,$128.08M,,,,,
2000,Erin Brockovich,$125.60M,,,,,,
2000,Charlie's Angels,$125.31M,,,,,,
2000,Traffic,$124.12M,,,,,,
2000,Nutty Professor II: The Klumps,$123.31M,,,,,,
2000,Big Momma's House,$117.56M,,,,,,
2000,Remember the Titans,$115.65M,,,,,,
2000,The Patriot,$113.33M,,,,,,
2000,Chicken Run,$106.83M,,,,,,
2000,Miss Congeniality,$106.81M,,,,,,
2000,Gone in Sixty Seconds,$101.65M,,,,,,
2000,Unbreakable,$95.01M,,,,,,
2000,|Me, Myself & Irene|,$90.57M,,,,,
2000,Space Cowboys,$90.46M,,,,,,
2000,The Emperor's New Groove,$89.30M,,,,,,
2000,Scream 3,$89.14M,,,,,,
2000,U-571,$77.09M,,,,,,
2000,Rugrats in Paris: The Movie,$76.51M,,,,,,
2000,The Family Man,$75.79M,,,,,,
2000,Hollow Man,$73.21M,,,,,,
2000,Chocolat,$71.51M,,,,,,
2000,Shaft,$70.33M,,,,,,
2000,The Kid,$69.69M,,,,,,
2000,Vertical Limit,$69.24M,,,,,,
2000,Road Trip,$68.54M,,,,,,
2000,Bring It On,$68.38M,,,,,,
2000,102 Dalmatians,$66.96M,,,,,,
2000,Rules of Engagement,$61.34M,,,,,,
2000,The Cell,$61.33M,,,,,,
2000,Mission to Mars,$60.88M,,,,,,
2000,Coyote Ugly,$60.79M,,,,,,
2000,Snow Day,$60.02M,,,,,,
2000,Next Friday,$57.33M,,,,,,
2000,The Whole Nine Yards,$57.26M,,,,,,
2000,Shanghai Noon,$56.94M,,,,,,
2000,Romeo Must Die,$55.97M,,,,,,
2000,Final Destination,$53.33M,,,,,,
2000,Finding Forrester,$51.80M,,,,,,
2000,The Road to El Dorado,$50.86M,,,,,,